country,year,value,tariff_type
Armenia,2000,NA,Dutiable TL %
Armenia,2000,NA,Duty-Free TL %
Armenia,2000,NA,Specific TL %
Armenia,2001,32.90781170668021,Dutiable TL %
Armenia,2001,67.09218829,Duty-Free TL %
Armenia,2001,0,Specific TL %
Armenia,2002,NA,Dutiable TL %
Armenia,2002,NA,Duty-Free TL %
Armenia,2002,NA,Specific TL %
Armenia,2003,30.92587907918037,Dutiable TL %
Armenia,2003,68.61033813980943,Duty-Free TL %
Armenia,2003,0.11805379880259718,Specific TL %
Armenia,2004,32.76923672694885,Dutiable TL %
Armenia,2004,66.69635596173953,Duty-Free TL %
Armenia,2004,0.13941060295085778,Specific TL %
Armenia,2005,32.80168745143026,Dutiable TL %
Armenia,2005,66.59512267327833,Duty-Free TL %
Armenia,2005,0.14062095252192577,Specific TL %
Armenia,2006,30.68679692125518,Dutiable TL %
Armenia,2006,68.76850207,Duty-Free TL %
Armenia,2006,0.14209591474245115,Specific TL %
Armenia,2007,34.55366098294885,Dutiable TL %
Armenia,2007,64.87403387,Duty-Free TL %
Armenia,2007,0.20650185851672664,Specific TL %
Armenia,2008,33.32468947,Dutiable TL %
Armenia,2008,66.23706661826103,Duty-Free TL %
Armenia,2008,0.1452169177709203,Specific TL %
Armenia,2009,44.302253106475526,Dutiable TL %
Armenia,2009,54.73629769119578,Duty-Free TL %
Armenia,2009,0,Specific TL %
Armenia,2010,44.795100170652454,Dutiable TL %
Armenia,2010,53.90981135,Duty-Free TL %
Armenia,2010,0,Specific TL %
Armenia,2011,45.58246485,Dutiable TL %
Armenia,2011,53.01042179080915,Duty-Free TL %
Armenia,2011,0,Specific TL %
Armenia,2012,48.44536274869197,Dutiable TL %
Armenia,2012,50.43712022750247,Duty-Free TL %
Armenia,2012,0,Specific TL %
Armenia,2013,47.214812490193005,Dutiable TL %
Armenia,2013,51.34159736387886,Duty-Free TL %
Armenia,2013,0,Specific TL %
Armenia,2014,47.17499358493077,Dutiable TL %
Armenia,2014,52.66724323091398,Duty-Free TL %
Armenia,2014,0.15776318415525417,Specific TL %
Armenia,2015,51.593897064316124,Dutiable TL %
Armenia,2015,32.69403152311944,Duty-Free TL %
Armenia,2015,1.3950100844102487,Specific TL %
Armenia,2016,49.008035062089114,Dutiable TL %
Armenia,2016,36.19965911857804,Duty-Free TL %
Armenia,2016,1.5709763817871927,Specific TL %
Armenia,2017,47.94433319,Dutiable TL %
Armenia,2017,37.12935704463865,Duty-Free TL %
Armenia,2017,1.1009699240487638,Specific TL %
Armenia,2018,NA,Dutiable TL %
Armenia,2018,NA,Duty-Free TL %
Armenia,2018,NA,Specific TL %
Armenia,2019,56.80927006,Dutiable TL %
Armenia,2019,30.807192171057043,Duty-Free TL %
Armenia,2019,0.1332193846772572,Specific TL %
Armenia,2020,54.71564161292776,Dutiable TL %
Armenia,2020,31.028828844057166,Duty-Free TL %
Armenia,2020,0.46315469197677467,Specific TL %
Armenia,2021,54.50774499162817,Dutiable TL %
Armenia,2021,30.619851747145585,Duty-Free TL %
Armenia,2021,0.47033680827254293,Specific TL %
Armenia,2022,NA,Dutiable TL %
Armenia,2022,NA,Duty-Free TL %
Armenia,2022,NA,Specific TL %
Bahrain,2000,98.39821505877651,Dutiable TL %
Bahrain,2000,1.5684837989943055,Duty-Free TL %
Bahrain,2000,0.033301142,Specific TL %
Bahrain,2001,98.22705578593224,Dutiable TL %
Bahrain,2001,1.7322588216884438,Duty-Free TL %
Bahrain,2001,0.040685392,Specific TL %
Bahrain,2002,95.57726550844603,Dutiable TL %
Bahrain,2002,4.1724818326194715,Duty-Free TL %
Bahrain,2002,0.25025265893450116,Specific TL %
Bahrain,2003,94.10062793100707,Dutiable TL %
Bahrain,2003,5.649789364915349,Duty-Free TL %
Bahrain,2003,0.2495827040775773,Specific TL %
Bahrain,2004,94.09814323607426,Dutiable TL %
Bahrain,2004,5.6813660477453585,Duty-Free TL %
Bahrain,2004,0.22049071618037136,Specific TL %
Bahrain,2005,79.28119809248246,Dutiable TL %
Bahrain,2005,20.17360552965761,Duty-Free TL %
Bahrain,2005,0.48223758238225367,Specific TL %
Bahrain,2006,77.55377261864118,Dutiable TL %
Bahrain,2006,21.87265278251963,Duty-Free TL %
Bahrain,2006,0.4779788323659952,Specific TL %
Bahrain,2007,71.72213050656008,Dutiable TL %
Bahrain,2007,28.11133315955629,Duty-Free TL %
Bahrain,2007,0.055029397,Specific TL %
Bahrain,2008,71.62014802440778,Dutiable TL %
Bahrain,2008,27.985429572399713,Duty-Free TL %
Bahrain,2008,0.31321779077051576,Specific TL %
Bahrain,2009,72.31769892317699,Dutiable TL %
Bahrain,2009,27.38888487388885,Duty-Free TL %
Bahrain,2009,0.19079280190792802,Specific TL %
Bahrain,2010,88.12240868706812,Dutiable TL %
Bahrain,2010,11.505100361961171,Duty-Free TL %
Bahrain,2010,0.37249095097071405,Specific TL %
Bahrain,2011,71.44206263,Dutiable TL %
Bahrain,2011,28.389541234298196,Duty-Free TL %
Bahrain,2011,0.16839614054250865,Specific TL %
Bahrain,2012,71.44206263,Dutiable TL %
Bahrain,2012,28.389541234298196,Duty-Free TL %
Bahrain,2012,0.16839614054250865,Specific TL %
Bahrain,2013,77.98604541,Dutiable TL %
Bahrain,2013,21.399006622516556,Duty-Free TL %
Bahrain,2013,0.5696152633238726,Specific TL %
Bahrain,2014,73.06836693583702,Dutiable TL %
Bahrain,2014,26.896600045542925,Duty-Free TL %
Bahrain,2014,0,Specific TL %
Bahrain,2015,70.09933923675102,Dutiable TL %
Bahrain,2015,29.362161190272847,Duty-Free TL %
Bahrain,2015,0.5097316492111296,Specific TL %
Bahrain,2016,70.03596342995797,Dutiable TL %
Bahrain,2016,29.435417479093548,Duty-Free TL %
Bahrain,2016,0.5008882533905282,Specific TL %
Bahrain,2017,73.75821114645485,Dutiable TL %
Bahrain,2017,25.263039018238626,Duty-Free TL %
Bahrain,2017,0.8582883171149467,Specific TL %
Bahrain,2018,64.86224633596392,Dutiable TL %
Bahrain,2018,34.21117531003382,Duty-Free TL %
Bahrain,2018,0.838500564,Specific TL %
Bahrain,2019,69.30421507,Dutiable TL %
Bahrain,2019,29.800501979455067,Duty-Free TL %
Bahrain,2019,0.8452575016603272,Specific TL %
Bahrain,2020,69.17165252470234,Dutiable TL %
Bahrain,2020,29.96451033625818,Duty-Free TL %
Bahrain,2020,0.8587307126018093,Specific TL %
Bahrain,2021,69.53733434272239,Dutiable TL %
Bahrain,2021,29.49939523672784,Duty-Free TL %
Bahrain,2021,0.9571792796790839,Specific TL %
Bahrain,2022,69.43394158584032,Dutiable TL %
Bahrain,2022,29.633587228523936,Duty-Free TL %
Bahrain,2022,0.908725592,Specific TL %
China,2000,98.26870866129045,Dutiable TL %
China,2000,1.7312913387095474,Duty-Free TL %
China,2000,0,Specific TL %
China,2001,97.8715994,Dutiable TL %
China,2001,1.6570566154560582,Duty-Free TL %
China,2001,0.4713439882357494,Specific TL %
China,2002,93.34222272928224,Dutiable TL %
China,2002,6.081630324724405,Duty-Free TL %
China,2002,0.21177678584161663,Specific TL %
China,2003,90.59667392085477,Dutiable TL %
China,2003,9.403326079145225,Duty-Free TL %
China,2003,0,Specific TL %
China,2004,89.71532686368512,Dutiable TL %
China,2004,10.284673136314884,Duty-Free TL %
China,2004,0,Specific TL %
China,2005,89.61566944247133,Dutiable TL %
China,2005,10.384330557528678,Duty-Free TL %
China,2005,0,Specific TL %
China,2006,85.27270997,Dutiable TL %
China,2006,14.506672058228872,Duty-Free TL %
China,2006,0.047572607692490665,Specific TL %
China,2007,85.39240292151942,Dutiable TL %
China,2007,14.341953131609374,Duty-Free TL %
China,2007,0.042863991427201716,Specific TL %
China,2008,84.43634704882513,Dutiable TL %
China,2008,15.29810423194513,Duty-Free TL %
China,2008,0.035840931,Specific TL %
China,2009,79.81640516,Dutiable TL %
China,2009,19.854286390736316,Duty-Free TL %
China,2009,0.10923139837713351,Specific TL %
China,2010,75.71882574195689,Dutiable TL %
China,2010,23.972423642050426,Duty-Free TL %
China,2010,0.059839289,Specific TL %
China,2011,75.37486068111455,Dutiable TL %
China,2011,24.134241486068113,Duty-Free TL %
China,2011,0.2823529411764706,Specific TL %
China,2012,NA,Dutiable TL %
China,2012,NA,Duty-Free TL %
China,2012,NA,Specific TL %
China,2013,NA,Dutiable TL %
China,2013,NA,Duty-Free TL %
China,2013,NA,Specific TL %
China,2014,75.12719981680992,Dutiable TL %
China,2014,24.795447056392383,Duty-Free TL %
China,2014,0,Specific TL %
China,2015,73.74888734372082,Dutiable TL %
China,2015,26.164535146410685,Duty-Free TL %
China,2015,0.035172113,Specific TL %
China,2016,74.28553786347297,Dutiable TL %
China,2016,25.51123139,Duty-Free TL %
China,2016,0.18604875927223524,Specific TL %
China,2017,79.34031656555588,Dutiable TL %
China,2017,20.508017254713252,Duty-Free TL %
China,2017,0.075188616,Specific TL %
China,2018,74.03683264887064,Dutiable TL %
China,2018,25.839001540041068,Duty-Free TL %
China,2018,0.073793634,Specific TL %
China,2019,69.88189635,Dutiable TL %
China,2019,30.04054395,Duty-Free TL %
China,2019,0.077559698,Specific TL %
China,2020,68.69057788867515,Dutiable TL %
China,2020,31.18189695967747,Duty-Free TL %
China,2020,0.052853798,Specific TL %
China,2021,69.05721650409373,Dutiable TL %
China,2021,30.81360230133906,Duty-Free TL %
China,2021,0.068477994,Specific TL %
China,2022,69.33696074122317,Dutiable TL %
China,2022,30.527011462908366,Duty-Free TL %
China,2022,0.076034405,Specific TL %
Cyprus,2000,39.53015032,Dutiable TL %
Cyprus,2000,50.68213214317827,Duty-Free TL %
Cyprus,2000,9.787717534351831,Specific TL %
Cyprus,2001,39.08218285705316,Dutiable TL %
Cyprus,2001,50.96420246289567,Duty-Free TL %
Cyprus,2001,0.008633477,Specific TL %
Cyprus,2002,67.93454836524845,Dutiable TL %
Cyprus,2002,21.040884182008497,Duty-Free TL %
Cyprus,2002,0.089280217,Specific TL %
Cyprus,2003,NA,Dutiable TL %
Cyprus,2003,NA,Duty-Free TL %
Cyprus,2003,NA,Specific TL %
Cyprus,2004,40.94383187840324,Dutiable TL %
Cyprus,2004,51.368704391954466,Duty-Free TL %
Cyprus,2004,1.6520762078800826,Specific TL %
Cyprus,2005,44.575948188161796,Dutiable TL %
Cyprus,2005,49.51211474258859,Duty-Free TL %
Cyprus,2005,1.3038930521127365,Specific TL %
Cyprus,2006,44.593582579641684,Dutiable TL %
Cyprus,2006,48.66783800910191,Duty-Free TL %
Cyprus,2006,1.3033584883921885,Specific TL %
Cyprus,2007,42.223811708818054,Dutiable TL %
Cyprus,2007,50.929849658560286,Duty-Free TL %
Cyprus,2007,1.2915328348943291,Specific TL %
Cyprus,2008,39.32156835816796,Dutiable TL %
Cyprus,2008,53.841928174139944,Duty-Free TL %
Cyprus,2008,1.1961821053354391,Specific TL %
Cyprus,2009,38.88177940280317,Dutiable TL %
Cyprus,2009,54.87812309567337,Duty-Free TL %
Cyprus,2009,1.451858622790981,Specific TL %
Cyprus,2010,46.88487280458772,Dutiable TL %
Cyprus,2010,45.61516462784674,Duty-Free TL %
Cyprus,2010,1.323610882357345,Specific TL %
Cyprus,2011,37.74596406,Dutiable TL %
Cyprus,2011,54.69996954005483,Duty-Free TL %
Cyprus,2011,1.256472738349071,Specific TL %
Cyprus,2012,36.91165264198972,Dutiable TL %
Cyprus,2012,54.92322908053245,Duty-Free TL %
Cyprus,2012,1.4300306435137895,Specific TL %
Cyprus,2013,37.252868454409274,Dutiable TL %
Cyprus,2013,53.94011226891863,Duty-Free TL %
Cyprus,2013,1.5638632360445783,Specific TL %
Cyprus,2014,47.20402708,Dutiable TL %
Cyprus,2014,44.13838385417481,Duty-Free TL %
Cyprus,2014,1.4976472243500556,Specific TL %
Cyprus,2015,45.67133391673959,Dutiable TL %
Cyprus,2015,46.06825853231654,Duty-Free TL %
Cyprus,2015,1.5611326415801976,Specific TL %
Cyprus,2016,42.49376342845607,Dutiable TL %
Cyprus,2016,48.80387604723933,Duty-Free TL %
Cyprus,2016,1.3756506943142655,Specific TL %
Cyprus,2017,43.22787229975148,Dutiable TL %
Cyprus,2017,47.71394889441152,Duty-Free TL %
Cyprus,2017,1.5548333651946729,Specific TL %
Cyprus,2018,41.06182696698732,Dutiable TL %
Cyprus,2018,48.81487264852761,Duty-Free TL %
Cyprus,2018,1.5585639998232252,Specific TL %
Cyprus,2019,43.05218984573556,Dutiable TL %
Cyprus,2019,46.02370116437142,Duty-Free TL %
Cyprus,2019,1.3741946923577044,Specific TL %
Cyprus,2020,36.10246623605402,Dutiable TL %
Cyprus,2020,53.69495008807986,Duty-Free TL %
Cyprus,2020,1.789489136817381,Specific TL %
Cyprus,2021,34.68546770829073,Dutiable TL %
Cyprus,2021,56.63626324185038,Duty-Free TL %
Cyprus,2021,1.3609963597693158,Specific TL %
Cyprus,2022,29.768336539265704,Dutiable TL %
Cyprus,2022,64.28870117922555,Duty-Free TL %
Cyprus,2022,1.4217613113657273,Specific TL %
"Hong Kong, China",2000,0,Dutiable TL %
"Hong Kong, China",2000,100,Duty-Free TL %
"Hong Kong, China",2000,0,Specific TL %
"Hong Kong, China",2001,0,Dutiable TL %
"Hong Kong, China",2001,100,Duty-Free TL %
"Hong Kong, China",2001,0,Specific TL %
"Hong Kong, China",2002,0,Dutiable TL %
"Hong Kong, China",2002,100,Duty-Free TL %
"Hong Kong, China",2002,0,Specific TL %
"Hong Kong, China",2003,0,Dutiable TL %
"Hong Kong, China",2003,100,Duty-Free TL %
"Hong Kong, China",2003,0,Specific TL %
"Hong Kong, China",2004,0,Dutiable TL %
"Hong Kong, China",2004,100,Duty-Free TL %
"Hong Kong, China",2004,0,Specific TL %
"Hong Kong, China",2005,0,Dutiable TL %
"Hong Kong, China",2005,100,Duty-Free TL %
"Hong Kong, China",2005,0,Specific TL %
"Hong Kong, China",2006,0,Dutiable TL %
"Hong Kong, China",2006,100,Duty-Free TL %
"Hong Kong, China",2006,0,Specific TL %
"Hong Kong, China",2007,0,Dutiable TL %
"Hong Kong, China",2007,100,Duty-Free TL %
"Hong Kong, China",2007,0,Specific TL %
"Hong Kong, China",2008,0,Dutiable TL %
"Hong Kong, China",2008,100,Duty-Free TL %
"Hong Kong, China",2008,0,Specific TL %
"Hong Kong, China",2009,0,Dutiable TL %
"Hong Kong, China",2009,100,Duty-Free TL %
"Hong Kong, China",2009,0,Specific TL %
"Hong Kong, China",2010,0,Dutiable TL %
"Hong Kong, China",2010,100,Duty-Free TL %
"Hong Kong, China",2010,0,Specific TL %
"Hong Kong, China",2011,0,Dutiable TL %
"Hong Kong, China",2011,100,Duty-Free TL %
"Hong Kong, China",2011,0,Specific TL %
"Hong Kong, China",2012,0,Dutiable TL %
"Hong Kong, China",2012,100,Duty-Free TL %
"Hong Kong, China",2012,0,Specific TL %
"Hong Kong, China",2013,0,Dutiable TL %
"Hong Kong, China",2013,100,Duty-Free TL %
"Hong Kong, China",2013,0,Specific TL %
"Hong Kong, China",2014,0,Dutiable TL %
"Hong Kong, China",2014,100,Duty-Free TL %
"Hong Kong, China",2014,0,Specific TL %
"Hong Kong, China",2015,0,Dutiable TL %
"Hong Kong, China",2015,100,Duty-Free TL %
"Hong Kong, China",2015,0,Specific TL %
"Hong Kong, China",2016,0,Dutiable TL %
"Hong Kong, China",2016,100,Duty-Free TL %
"Hong Kong, China",2016,0,Specific TL %
"Hong Kong, China",2017,0,Dutiable TL %
"Hong Kong, China",2017,100,Duty-Free TL %
"Hong Kong, China",2017,0,Specific TL %
"Hong Kong, China",2018,0,Dutiable TL %
"Hong Kong, China",2018,100,Duty-Free TL %
"Hong Kong, China",2018,0,Specific TL %
"Hong Kong, China",2019,0,Dutiable TL %
"Hong Kong, China",2019,100,Duty-Free TL %
"Hong Kong, China",2019,0,Specific TL %
"Hong Kong, China",2020,0,Dutiable TL %
"Hong Kong, China",2020,100,Duty-Free TL %
"Hong Kong, China",2020,0,Specific TL %
"Hong Kong, China",2021,0,Dutiable TL %
"Hong Kong, China",2021,100,Duty-Free TL %
"Hong Kong, China",2021,0,Specific TL %
"Hong Kong, China",2022,0,Dutiable TL %
"Hong Kong, China",2022,100,Duty-Free TL %
"Hong Kong, China",2022,0,Specific TL %
India,2000,90.50124172,Dutiable TL %
India,2000,6.118940206609748,Duty-Free TL %
India,2000,0.005877944,Specific TL %
India,2001,95.89377081133762,Dutiable TL %
India,2001,1.499228457727605,Duty-Free TL %
India,2001,0.082839276,Specific TL %
India,2002,95.39330603022172,Dutiable TL %
India,2002,1.3020759779692135,Duty-Free TL %
India,2002,1.4122299110295156,Specific TL %
India,2003,95.01152910550717,Dutiable TL %
India,2003,1.0749123739232596,Duty-Free TL %
India,2003,2.0006532347306383,Specific TL %
India,2004,97.33250979559536,Dutiable TL %
India,2004,0.9298577467235423,Duty-Free TL %
India,2004,0,Specific TL %
India,2005,92.72814024174737,Dutiable TL %
India,2005,5.4353396479819045,Duty-Free TL %
India,2005,0,Specific TL %
India,2006,91.54544826256652,Dutiable TL %
India,2006,6.658373254473168,Duty-Free TL %
India,2006,0,Specific TL %
India,2007,94.36847735,Dutiable TL %
India,2007,3.446809037858733,Duty-Free TL %
India,2007,0,Specific TL %
India,2008,89.96924532765554,Dutiable TL %
India,2008,8.098857574578172,Duty-Free TL %
India,2008,0.053420026,Specific TL %
India,2009,92.11702576582556,Dutiable TL %
India,2009,5.744767148879684,Duty-Free TL %
India,2009,0,Specific TL %
India,2010,87.71501279686167,Dutiable TL %
India,2010,8.201658123272788,Duty-Free TL %
India,2010,2.199528958824001,Specific TL %
India,2011,90.75925627405726,Dutiable TL %
India,2011,4.935893151320471,Duty-Free TL %
India,2011,2.022874801939129,Specific TL %
India,2012,91.58394645,Dutiable TL %
India,2012,4.102163230193304,Duty-Free TL %
India,2012,2.0159247052908205,Specific TL %
India,2013,91.59562037,Dutiable TL %
India,2013,4.116029381100572,Duty-Free TL %
India,2013,1.9447078217147893,Specific TL %
India,2014,NA,Dutiable TL %
India,2014,NA,Duty-Free TL %
India,2014,NA,Specific TL %
India,2015,89.34875275977146,Dutiable TL %
India,2015,6.641098340019529,Duty-Free TL %
India,2015,4.010148900209017,Specific TL %
India,2016,81.52176039885259,Dutiable TL %
India,2016,15.021151866882164,Duty-Free TL %
India,2016,1.5246563066218453,Specific TL %
India,2017,79.05087113422064,Dutiable TL %
India,2017,17.36486748670987,Duty-Free TL %
India,2017,1.5032400760544797,Specific TL %
India,2018,80.00676254286313,Dutiable TL %
India,2018,17.713084417851643,Duty-Free TL %
India,2018,0.017273886661251733,Specific TL %
India,2019,79.64899071385035,Dutiable TL %
India,2019,18.24459503065505,Duty-Free TL %
India,2019,0.010397619303718046,Specific TL %
India,2020,78.96140162962396,Dutiable TL %
India,2020,17.518840136184537,Duty-Free TL %
India,2020,3.3851038598370375,Specific TL %
India,2021,78.41797538921749,Dutiable TL %
India,2021,18.03355466418897,Duty-Free TL %
India,2021,1.9496755576706628,Specific TL %
India,2022,77.09771053997424,Dutiable TL %
India,2022,18.123065685011824,Duty-Free TL %
India,2022,2.6712289267795697,Specific TL %
Indonesia,2000,77.64290770027151,Dutiable TL %
Indonesia,2000,22.337020251640098,Duty-Free TL %
Indonesia,2000,0.020072048088401524,Specific TL %
Indonesia,2001,76.37650559572909,Dutiable TL %
Indonesia,2001,23.54910347996368,Duty-Free TL %
Indonesia,2001,0.020785699438786116,Specific TL %
Indonesia,2002,76.28694260403483,Dutiable TL %
Indonesia,2002,23.67118290776446,Duty-Free TL %
Indonesia,2002,0.024194149,Specific TL %
Indonesia,2003,71.36465574,Dutiable TL %
Indonesia,2003,28.39657692436431,Duty-Free TL %
Indonesia,2003,0.021198969060662525,Specific TL %
Indonesia,2004,72.62383916,Dutiable TL %
Indonesia,2004,27.162672125280203,Duty-Free TL %
Indonesia,2004,0.042697744,Specific TL %
Indonesia,2005,69.97740189,Dutiable TL %
Indonesia,2005,29.832554683169583,Duty-Free TL %
Indonesia,2005,0.060911356,Specific TL %
Indonesia,2006,70.24889980798817,Dutiable TL %
Indonesia,2006,29.55252895085213,Duty-Free TL %
Indonesia,2006,0.078116614,Specific TL %
Indonesia,2007,66.52283698477534,Dutiable TL %
Indonesia,2007,33.310063126624584,Duty-Free TL %
Indonesia,2007,0.053471964,Specific TL %
Indonesia,2008,72.22979951799572,Dutiable TL %
Indonesia,2008,27.69273551,Duty-Free TL %
Indonesia,2008,0,Specific TL %
Indonesia,2009,58.865983836812305,Dutiable TL %
Indonesia,2009,40.93377702868173,Duty-Free TL %
Indonesia,2009,0.12244839160436205,Specific TL %
Indonesia,2010,64.90258065369505,Dutiable TL %
Indonesia,2010,34.73631301173265,Duty-Free TL %
Indonesia,2010,0.045634317,Specific TL %
Indonesia,2011,65.57015858376246,Dutiable TL %
Indonesia,2011,34.06540619475828,Duty-Free TL %
Indonesia,2011,0.044193375,Specific TL %
Indonesia,2012,65.10388043485128,Dutiable TL %
Indonesia,2012,34.55374683368392,Duty-Free TL %
Indonesia,2012,0,Specific TL %
Indonesia,2013,65.55537627068155,Dutiable TL %
Indonesia,2013,33.99158464383681,Duty-Free TL %
Indonesia,2013,0.084401802,Specific TL %
Indonesia,2014,NA,Dutiable TL %
Indonesia,2014,NA,Duty-Free TL %
Indonesia,2014,NA,Specific TL %
Indonesia,2015,NA,Dutiable TL %
Indonesia,2015,NA,Duty-Free TL %
Indonesia,2015,NA,Specific TL %
Indonesia,2016,66.43957300211645,Dutiable TL %
Indonesia,2016,33.44971239952007,Duty-Free TL %
Indonesia,2016,0.056644678,Specific TL %
Indonesia,2017,61.07768755533132,Dutiable TL %
Indonesia,2017,38.81188778570001,Duty-Free TL %
Indonesia,2017,0.055212329,Specific TL %
Indonesia,2018,62.855081371422465,Dutiable TL %
Indonesia,2018,37.01709378869263,Duty-Free TL %
Indonesia,2018,0.054336692,Specific TL %
Indonesia,2019,62.694325625652525,Dutiable TL %
Indonesia,2019,37.17924432716748,Duty-Free TL %
Indonesia,2019,0.054184305934282806,Specific TL %
Indonesia,2020,63.84414148249625,Dutiable TL %
Indonesia,2020,36.02051595226699,Duty-Free TL %
Indonesia,2020,0.062719725,Specific TL %
Indonesia,2021,62.09928470242571,Dutiable TL %
Indonesia,2021,37.77698105947988,Duty-Free TL %
Indonesia,2021,0.049406251,Specific TL %
Indonesia,2022,61.333668102887835,Dutiable TL %
Indonesia,2022,38.52913616004376,Duty-Free TL %
Indonesia,2022,0.051112137,Specific TL %
Japan,2000,44.464589857700126,Dutiable TL %
Japan,2000,49.47118290203835,Duty-Free TL %
Japan,2000,3.354898082522938,Specific TL %
Japan,2001,46.34924489231537,Dutiable TL %
Japan,2001,47.67329704499619,Duty-Free TL %
Japan,2001,3.6679549700857295,Specific TL %
Japan,2002,47.034540246234045,Dutiable TL %
Japan,2002,47.140390454957426,Duty-Free TL %
Japan,2002,3.7570208458754806,Specific TL %
Japan,2003,46.61267200887873,Dutiable TL %
Japan,2003,47.593031782418265,Duty-Free TL %
Japan,2003,3.7021133227193754,Specific TL %
Japan,2004,46.64381586535941,Dutiable TL %
Japan,2004,47.06194621,Duty-Free TL %
Japan,2004,4.155743721491113,Specific TL %
Japan,2005,46.65219504292888,Dutiable TL %
Japan,2005,47.596954479183545,Duty-Free TL %
Japan,2005,3.6397213672444515,Specific TL %
Japan,2006,47.74187638229097,Dutiable TL %
Japan,2006,47.71112245298575,Duty-Free TL %
Japan,2006,1.0796592202897413,Specific TL %
Japan,2007,47.20918033636193,Dutiable TL %
Japan,2007,48.64231269873136,Duty-Free TL %
Japan,2007,0.658606242,Specific TL %
Japan,2008,44.450012528188424,Dutiable TL %
Japan,2008,50.41936462,Duty-Free TL %
Japan,2008,1.6378957918474462,Specific TL %
Japan,2009,43.40686461947038,Dutiable TL %
Japan,2009,51.19056723141846,Duty-Free TL %
Japan,2009,1.9229833355348689,Specific TL %
Japan,2010,43.10530297246841,Dutiable TL %
Japan,2010,52.557794141121114,Duty-Free TL %
Japan,2010,0.9966062641839418,Specific TL %
Japan,2011,42.276594728474834,Dutiable TL %
Japan,2011,53.30544960801305,Duty-Free TL %
Japan,2011,1.2261106297036728,Specific TL %
Japan,2012,41.65554916255161,Dutiable TL %
Japan,2012,53.27803033656004,Duty-Free TL %
Japan,2012,0.9433544723980298,Specific TL %
Japan,2013,40.08959878,Dutiable TL %
Japan,2013,55.15254592399509,Duty-Free TL %
Japan,2013,4.757855298590699,Specific TL %
Japan,2014,41.18541426741373,Dutiable TL %
Japan,2014,55.39589291028843,Duty-Free TL %
Japan,2014,0.00064699,Specific TL %
Japan,2015,40.74959451935413,Dutiable TL %
Japan,2015,54.33682732576436,Duty-Free TL %
Japan,2015,1.360478346123121,Specific TL %
Japan,2016,40.41081947189735,Dutiable TL %
Japan,2016,55.291861755570295,Duty-Free TL %
Japan,2016,1.0854932657389957,Specific TL %
Japan,2017,40.36803553,Dutiable TL %
Japan,2017,55.187397403887275,Duty-Free TL %
Japan,2017,0.9138813402673361,Specific TL %
Japan,2018,39.20474485856671,Dutiable TL %
Japan,2018,56.298168035375866,Duty-Free TL %
Japan,2018,0.8654453569172458,Specific TL %
Japan,2019,26.01104343844948,Dutiable TL %
Japan,2019,69.93021546,Duty-Free TL %
Japan,2019,0.4952898902592988,Specific TL %
Japan,2020,25.824065868092283,Dutiable TL %
Japan,2020,70.04917236,Duty-Free TL %
Japan,2020,0.5467566254038138,Specific TL %
Japan,2021,25.48662444665664,Dutiable TL %
Japan,2021,70.48835419623127,Duty-Free TL %
Japan,2021,0.4963322248815651,Specific TL %
Japan,2022,26.433947387284064,Dutiable TL %
Japan,2022,69.25740090316107,Duty-Free TL %
Japan,2022,0.4687836,Specific TL %
"Korea, Rep.",2000,90.50565620481416,Dutiable TL %
"Korea, Rep.",2000,9.164752913158118,Duty-Free TL %
"Korea, Rep.",2000,0.028706302628221485,Specific TL %
"Korea, Rep.",2001,90.11134303962855,Dutiable TL %
"Korea, Rep.",2001,9.584142335861412,Duty-Free TL %
"Korea, Rep.",2001,0.025506353164089137,Specific TL %
"Korea, Rep.",2002,86.58246375402378,Dutiable TL %
"Korea, Rep.",2002,12.956944949104662,Duty-Free TL %
"Korea, Rep.",2002,0.2661194159702356,Specific TL %
"Korea, Rep.",2003,87.79393945488277,Dutiable TL %
"Korea, Rep.",2003,11.544901027185471,Duty-Free TL %
"Korea, Rep.",2003,0.31172540008949534,Specific TL %
"Korea, Rep.",2004,82.84503160480513,Dutiable TL %
"Korea, Rep.",2004,16.778007449347434,Duty-Free TL %
"Korea, Rep.",2004,0,Specific TL %
"Korea, Rep.",2005,82.57595442489374,Dutiable TL %
"Korea, Rep.",2005,16.730809771977388,Duty-Free TL %
"Korea, Rep.",2005,0.26915590941849576,Specific TL %
"Korea, Rep.",2006,82.91180254443226,Dutiable TL %
"Korea, Rep.",2006,16.70272073188164,Duty-Free TL %
"Korea, Rep.",2006,0.02096536,Specific TL %
"Korea, Rep.",2007,70.67316836990541,Dutiable TL %
"Korea, Rep.",2007,26.698051218204768,Duty-Free TL %
"Korea, Rep.",2007,2.3067213086406944,Specific TL %
"Korea, Rep.",2008,79.53980074264959,Dutiable TL %
"Korea, Rep.",2008,19.66601059188767,Duty-Free TL %
"Korea, Rep.",2008,0.3534687417567924,Specific TL %
"Korea, Rep.",2009,79.12974306553635,Dutiable TL %
"Korea, Rep.",2009,20.34263052316868,Duty-Free TL %
"Korea, Rep.",2009,0.1579420648523184,Specific TL %
"Korea, Rep.",2010,79.12649798,Dutiable TL %
"Korea, Rep.",2010,20.49641077361177,Duty-Free TL %
"Korea, Rep.",2010,0,Specific TL %
"Korea, Rep.",2011,78.74502760737303,Dutiable TL %
"Korea, Rep.",2011,20.531518567806664,Duty-Free TL %
"Korea, Rep.",2011,0.3952668953155824,Specific TL %
"Korea, Rep.",2012,78.25853293205553,Dutiable TL %
"Korea, Rep.",2012,21.031371787581655,Duty-Free TL %
"Korea, Rep.",2012,0.3432589490035089,Specific TL %
"Korea, Rep.",2013,78.17904772270425,Dutiable TL %
"Korea, Rep.",2013,21.13084204332491,Duty-Free TL %
"Korea, Rep.",2013,0.32175666896816785,Specific TL %
"Korea, Rep.",2014,39.63464172929903,Dutiable TL %
"Korea, Rep.",2014,59.95540100007818,Duty-Free TL %
"Korea, Rep.",2014,0,Specific TL %
"Korea, Rep.",2015,34.797449324831085,Dutiable TL %
"Korea, Rep.",2015,64.8195494,Duty-Free TL %
"Korea, Rep.",2015,0,Specific TL %
"Korea, Rep.",2016,79.49665776239387,Dutiable TL %
"Korea, Rep.",2016,19.88255138768702,Duty-Free TL %
"Korea, Rep.",2016,0.2699499604951277,Specific TL %
"Korea, Rep.",2017,31.266309686424055,Dutiable TL %
"Korea, Rep.",2017,68.35036100426326,Duty-Free TL %
"Korea, Rep.",2017,0.003638156,Specific TL %
"Korea, Rep.",2018,31.044382191558817,Dutiable TL %
"Korea, Rep.",2018,68.57361146482069,Duty-Free TL %
"Korea, Rep.",2018,0.003638156,Specific TL %
"Korea, Rep.",2019,NA,Dutiable TL %
"Korea, Rep.",2019,NA,Duty-Free TL %
"Korea, Rep.",2019,NA,Specific TL %
"Korea, Rep.",2020,29.965457130175803,Dutiable TL %
"Korea, Rep.",2020,69.63122109366456,Duty-Free TL %
"Korea, Rep.",2020,0.003216282,Specific TL %
"Korea, Rep.",2021,25.61845334531047,Dutiable TL %
"Korea, Rep.",2021,73.99400073787716,Duty-Free TL %
"Korea, Rep.",2021,0.003208162,Specific TL %
"Korea, Rep.",2022,31.392788485143765,Dutiable TL %
"Korea, Rep.",2022,68.28806780198738,Duty-Free TL %
"Korea, Rep.",2022,0,Specific TL %
Kyrgyz Republic,2000,41.57377530067468,Dutiable TL %
Kyrgyz Republic,2000,55.61381636843649,Duty-Free TL %
Kyrgyz Republic,2000,0,Specific TL %
Kyrgyz Republic,2001,40.25758205234732,Dutiable TL %
Kyrgyz Republic,2001,57.011746043736075,Duty-Free TL %
Kyrgyz Republic,2001,0,Specific TL %
Kyrgyz Republic,2002,78.05784221,Dutiable TL %
Kyrgyz Republic,2002,21.872951118234138,Duty-Free TL %
Kyrgyz Republic,2002,0,Specific TL %
Kyrgyz Republic,2003,45.68893717182691,Dutiable TL %
Kyrgyz Republic,2003,52.09125475285171,Duty-Free TL %
Kyrgyz Republic,2003,0.010863661053775122,Specific TL %
Kyrgyz Republic,2004,NA,Dutiable TL %
Kyrgyz Republic,2004,NA,Duty-Free TL %
Kyrgyz Republic,2004,NA,Specific TL %
Kyrgyz Republic,2005,NA,Dutiable TL %
Kyrgyz Republic,2005,NA,Duty-Free TL %
Kyrgyz Republic,2005,NA,Specific TL %
Kyrgyz Republic,2006,31.139218906639933,Dutiable TL %
Kyrgyz Republic,2006,67.63858968,Duty-Free TL %
Kyrgyz Republic,2006,0,Specific TL %
Kyrgyz Republic,2007,30.17241379310345,Dutiable TL %
Kyrgyz Republic,2007,68.14625982719701,Duty-Free TL %
Kyrgyz Republic,2007,0,Specific TL %
Kyrgyz Republic,2008,32.391807069705976,Dutiable TL %
Kyrgyz Republic,2008,66.29042322798517,Duty-Free TL %
Kyrgyz Republic,2008,0.080754689,Specific TL %
Kyrgyz Republic,2009,30.336197235711616,Dutiable TL %
Kyrgyz Republic,2009,67.39820694807621,Duty-Free TL %
Kyrgyz Republic,2009,0.063503922,Specific TL %
Kyrgyz Republic,2010,32.30688046845743,Dutiable TL %
Kyrgyz Republic,2010,66.16620706090627,Duty-Free TL %
Kyrgyz Republic,2010,0.005106731,Specific TL %
Kyrgyz Republic,2011,32.21134330296978,Dutiable TL %
Kyrgyz Republic,2011,65.49758877685225,Duty-Free TL %
Kyrgyz Republic,2011,0.042216702,Specific TL %
Kyrgyz Republic,2012,33.20370651678566,Dutiable TL %
Kyrgyz Republic,2012,64.20173173325232,Duty-Free TL %
Kyrgyz Republic,2012,0.057724442,Specific TL %
Kyrgyz Republic,2013,33.20370651678566,Dutiable TL %
Kyrgyz Republic,2013,64.20173173325232,Duty-Free TL %
Kyrgyz Republic,2013,0.057724442,Specific TL %
Kyrgyz Republic,2014,32.89154300215149,Dutiable TL %
Kyrgyz Republic,2014,65.11419429580184,Duty-Free TL %
Kyrgyz Republic,2014,0,Specific TL %
Kyrgyz Republic,2015,47.775868904453546,Dutiable TL %
Kyrgyz Republic,2015,39.21765560988503,Duty-Free TL %
Kyrgyz Republic,2015,1.5554380864279107,Specific TL %
Kyrgyz Republic,2016,45.985522233712516,Dutiable TL %
Kyrgyz Republic,2016,41.13202344019304,Duty-Free TL %
Kyrgyz Republic,2016,1.2078593588417788,Specific TL %
Kyrgyz Republic,2017,43.50181011983274,Dutiable TL %
Kyrgyz Republic,2017,43.49479415148879,Duty-Free TL %
Kyrgyz Republic,2017,0.902253529,Specific TL %
Kyrgyz Republic,2018,43.19165036622453,Dutiable TL %
Kyrgyz Republic,2018,44.770770570682046,Duty-Free TL %
Kyrgyz Republic,2018,0.5554048458715858,Specific TL %
Kyrgyz Republic,2019,46.21016005567154,Dutiable TL %
Kyrgyz Republic,2019,42.119693806541406,Duty-Free TL %
Kyrgyz Republic,2019,0.418928323,Specific TL %
Kyrgyz Republic,2020,45.71559880192073,Dutiable TL %
Kyrgyz Republic,2020,43.26872791239442,Duty-Free TL %
Kyrgyz Republic,2020,0.587946308,Specific TL %
Kyrgyz Republic,2021,44.74930542559777,Dutiable TL %
Kyrgyz Republic,2021,44.04537406,Duty-Free TL %
Kyrgyz Republic,2021,0.7125685577324485,Specific TL %
Kyrgyz Republic,2022,NA,Dutiable TL %
Kyrgyz Republic,2022,NA,Duty-Free TL %
Kyrgyz Republic,2022,NA,Specific TL %
Maldives,2000,99.56406775,Dutiable TL %
Maldives,2000,0.3716143786178804,Duty-Free TL %
Maldives,2000,0,Specific TL %
Maldives,2001,99.51530258966902,Dutiable TL %
Maldives,2001,0.3739094308267553,Duty-Free TL %
Maldives,2001,0,Specific TL %
Maldives,2002,99.64826057627445,Dutiable TL %
Maldives,2002,0.3421027271851209,Duty-Free TL %
Maldives,2002,0.009636697,Specific TL %
Maldives,2003,99.72613277944457,Dutiable TL %
Maldives,2003,0.2430956227402108,Duty-Free TL %
Maldives,2003,0.030771597815216555,Specific TL %
Maldives,2004,99.69928525771398,Dutiable TL %
Maldives,2004,0.30071474228601314,Duty-Free TL %
Maldives,2004,0,Specific TL %
Maldives,2005,99.70288338172733,Dutiable TL %
Maldives,2005,0.2484975352825984,Duty-Free TL %
Maldives,2005,0.025660071578094402,Specific TL %
Maldives,2006,99.72616806,Dutiable TL %
Maldives,2006,0.2264379467870825,Duty-Free TL %
Maldives,2006,0.027646493503074028,Specific TL %
Maldives,2007,NA,Dutiable TL %
Maldives,2007,NA,Duty-Free TL %
Maldives,2007,NA,Specific TL %
Maldives,2008,99.73915105525255,Dutiable TL %
Maldives,2008,0.18857910724166357,Duty-Free TL %
Maldives,2008,0.072269838,Specific TL %
Maldives,2009,99.7058122,Dutiable TL %
Maldives,2009,0.22603618850736606,Duty-Free TL %
Maldives,2009,0.068151615,Specific TL %
Maldives,2010,99.66158486,Dutiable TL %
Maldives,2010,0.3283632099179092,Duty-Free TL %
Maldives,2010,0.010051934997487017,Specific TL %
Maldives,2011,99.74474645235478,Dutiable TL %
Maldives,2011,0.23629907628542907,Duty-Free TL %
Maldives,2011,0.018954471359793775,Specific TL %
Maldives,2012,59.54156240962644,Dutiable TL %
Maldives,2012,40.32515622838893,Duty-Free TL %
Maldives,2012,0.13328136198463492,Specific TL %
Maldives,2013,59.63764027,Dutiable TL %
Maldives,2013,40.250767976929346,Duty-Free TL %
Maldives,2013,0.11159174973355902,Specific TL %
Maldives,2014,58.83382316649092,Dutiable TL %
Maldives,2014,41.07867991833621,Duty-Free TL %
Maldives,2014,0.087496915,Specific TL %
Maldives,2015,63.92079425154956,Dutiable TL %
Maldives,2015,36.01009269924853,Duty-Free TL %
Maldives,2015,0.069113049,Specific TL %
Maldives,2016,64.22618122474356,Dutiable TL %
Maldives,2016,35.69222101336649,Duty-Free TL %
Maldives,2016,0.081597762,Specific TL %
Maldives,2017,66.66985783351683,Dutiable TL %
Maldives,2017,33.22962041070318,Duty-Free TL %
Maldives,2017,0.019147001100952563,Specific TL %
Maldives,2018,64.86091794158554,Dutiable TL %
Maldives,2018,35.04056560037088,Duty-Free TL %
Maldives,2018,0.010431154,Specific TL %
Maldives,2019,65.12388262165076,Dutiable TL %
Maldives,2019,34.7775678,Duty-Free TL %
Maldives,2019,0.010434661627111569,Specific TL %
Maldives,2020,65.05143413187525,Dutiable TL %
Maldives,2020,34.85009962466985,Duty-Free TL %
Maldives,2020,0.010425837542282563,Specific TL %
Maldives,2021,53.86871492922205,Dutiable TL %
Maldives,2021,45.03558265912587,Duty-Free TL %
Maldives,2021,0.014388011466138368,Specific TL %
Maldives,2022,50.904003443822646,Dutiable TL %
Maldives,2022,48.409103670291415,Duty-Free TL %
Maldives,2022,0.015908963,Specific TL %
Philippines,2000,94.57223675,Dutiable TL %
Philippines,2000,5.4277632491861025,Duty-Free TL %
Philippines,2000,0,Specific TL %
Philippines,2001,92.07284900751415,Dutiable TL %
Philippines,2001,7.9271509924858545,Duty-Free TL %
Philippines,2001,0,Specific TL %
Philippines,2002,94.65071233323076,Dutiable TL %
Philippines,2002,5.349287666769247,Duty-Free TL %
Philippines,2002,0,Specific TL %
Philippines,2003,94.53153415290609,Dutiable TL %
Philippines,2003,5.468465847093912,Duty-Free TL %
Philippines,2003,0,Specific TL %
Philippines,2004,88.12956361217611,Dutiable TL %
Philippines,2004,11.87043638782389,Duty-Free TL %
Philippines,2004,0,Specific TL %
Philippines,2005,87.49355395618932,Dutiable TL %
Philippines,2005,12.506446043810676,Duty-Free TL %
Philippines,2005,0,Specific TL %
Philippines,2006,86.99605715265304,Dutiable TL %
Philippines,2006,13.003942847346963,Duty-Free TL %
Philippines,2006,0,Specific TL %
Philippines,2007,86.98557836326547,Dutiable TL %
Philippines,2007,13.01442163673452,Duty-Free TL %
Philippines,2007,0,Specific TL %
Philippines,2008,80.85118387151374,Dutiable TL %
Philippines,2008,19.148816128486263,Duty-Free TL %
Philippines,2008,0,Specific TL %
Philippines,2009,80.95584204399165,Dutiable TL %
Philippines,2009,19.044157956008352,Duty-Free TL %
Philippines,2009,0,Specific TL %
Philippines,2010,81.00315519379274,Dutiable TL %
Philippines,2010,18.99684480620726,Duty-Free TL %
Philippines,2010,0,Specific TL %
Philippines,2011,66.16563044604588,Dutiable TL %
Philippines,2011,33.834369553954126,Duty-Free TL %
Philippines,2011,0,Specific TL %
Philippines,2012,64.95761602019192,Dutiable TL %
Philippines,2012,35.04238397980808,Duty-Free TL %
Philippines,2012,0,Specific TL %
Philippines,2013,64.85685055644704,Dutiable TL %
Philippines,2013,35.14314944355295,Duty-Free TL %
Philippines,2013,0,Specific TL %
Philippines,2014,NA,Dutiable TL %
Philippines,2014,NA,Duty-Free TL %
Philippines,2014,NA,Specific TL %
Philippines,2015,64.33337192,Dutiable TL %
Philippines,2015,35.666628079517594,Duty-Free TL %
Philippines,2015,0,Specific TL %
Philippines,2016,79.98234327008981,Dutiable TL %
Philippines,2016,20.017656729910183,Duty-Free TL %
Philippines,2016,0,Specific TL %
Philippines,2017,62.452993221287834,Dutiable TL %
Philippines,2017,37.547006778712166,Duty-Free TL %
Philippines,2017,0,Specific TL %
Philippines,2018,57.14297902837739,Dutiable TL %
Philippines,2018,42.85702097162261,Duty-Free TL %
Philippines,2018,0,Specific TL %
Philippines,2019,52.09086273,Dutiable TL %
Philippines,2019,47.90913727,Duty-Free TL %
Philippines,2019,0,Specific TL %
Philippines,2020,52.49073307307071,Dutiable TL %
Philippines,2020,47.50926692692929,Duty-Free TL %
Philippines,2020,0,Specific TL %
Philippines,2021,54.459117311224745,Dutiable TL %
Philippines,2021,45.540882688775255,Duty-Free TL %
Philippines,2021,0,Specific TL %
Philippines,2022,53.228289595755456,Dutiable TL %
Philippines,2022,46.771710404244544,Duty-Free TL %
Philippines,2022,0,Specific TL %
Singapore,2000,0,Dutiable TL %
Singapore,2000,99.84538971455076,Duty-Free TL %
Singapore,2000,0,Specific TL %
Singapore,2001,0,Dutiable TL %
Singapore,2001,99.81113281502658,Duty-Free TL %
Singapore,2001,0,Specific TL %
Singapore,2002,0,Dutiable TL %
Singapore,2002,99.72207662396235,Duty-Free TL %
Singapore,2002,0,Specific TL %
Singapore,2003,0,Dutiable TL %
Singapore,2003,99.77712087087087,Duty-Free TL %
Singapore,2003,0,Specific TL %
Singapore,2004,0,Dutiable TL %
Singapore,2004,100,Duty-Free TL %
Singapore,2004,0,Specific TL %
Singapore,2005,0,Dutiable TL %
Singapore,2005,99.90458413,Duty-Free TL %
Singapore,2005,0,Specific TL %
Singapore,2006,0,Dutiable TL %
Singapore,2006,99.89825380321037,Duty-Free TL %
Singapore,2006,0,Specific TL %
Singapore,2007,0,Dutiable TL %
Singapore,2007,99.93143884924115,Duty-Free TL %
Singapore,2007,0,Specific TL %
Singapore,2008,0,Dutiable TL %
Singapore,2008,99.91224221149628,Duty-Free TL %
Singapore,2008,0,Specific TL %
Singapore,2009,0,Dutiable TL %
Singapore,2009,99.92040229112324,Duty-Free TL %
Singapore,2009,0,Specific TL %
Singapore,2010,0,Dutiable TL %
Singapore,2010,99.90947433391626,Duty-Free TL %
Singapore,2010,0,Specific TL %
Singapore,2011,0,Dutiable TL %
Singapore,2011,99.86365378012431,Duty-Free TL %
Singapore,2011,0,Specific TL %
Singapore,2012,0,Dutiable TL %
Singapore,2012,99.91558571810644,Duty-Free TL %
Singapore,2012,0,Specific TL %
Singapore,2013,0,Dutiable TL %
Singapore,2013,99.90344557784908,Duty-Free TL %
Singapore,2013,0,Specific TL %
Singapore,2014,0,Dutiable TL %
Singapore,2014,99.90344557784908,Duty-Free TL %
Singapore,2014,0,Specific TL %
Singapore,2015,0,Dutiable TL %
Singapore,2015,99.91606010096771,Duty-Free TL %
Singapore,2015,0,Specific TL %
Singapore,2016,0,Dutiable TL %
Singapore,2016,99.91363052883473,Duty-Free TL %
Singapore,2016,0,Specific TL %
Singapore,2017,0,Dutiable TL %
Singapore,2017,99.92595617674337,Duty-Free TL %
Singapore,2017,0,Specific TL %
Singapore,2018,0,Dutiable TL %
Singapore,2018,99.92671951512746,Duty-Free TL %
Singapore,2018,0,Specific TL %
Singapore,2019,0,Dutiable TL %
Singapore,2019,99.90195207730154,Duty-Free TL %
Singapore,2019,0,Specific TL %
Singapore,2020,0,Dutiable TL %
Singapore,2020,99.90032287,Duty-Free TL %
Singapore,2020,0,Specific TL %
Singapore,2021,0,Dutiable TL %
Singapore,2021,99.95377292393479,Duty-Free TL %
Singapore,2021,0,Specific TL %
Singapore,2022,0,Dutiable TL %
Singapore,2022,99.96614520884174,Duty-Free TL %
Singapore,2022,0,Specific TL %
Turkey,2000,42.98600567694237,Dutiable TL %
Turkey,2000,55.98752392897221,Duty-Free TL %
Turkey,2000,0.6191827843422008,Specific TL %
Turkey,2001,41.07084345902848,Dutiable TL %
Turkey,2001,57.883706960107034,Duty-Free TL %
Turkey,2001,0.6457690522349343,Specific TL %
Turkey,2002,39.45452416377363,Dutiable TL %
Turkey,2002,59.61557006667769,Duty-Free TL %
Turkey,2002,0.5734418912216895,Specific TL %
Turkey,2003,33.448991943899486,Dutiable TL %
Turkey,2003,65.33424468840005,Duty-Free TL %
Turkey,2003,0.6767333138539884,Specific TL %
Turkey,2004,42.84272108575537,Dutiable TL %
Turkey,2004,56.521032570691304,Duty-Free TL %
Turkey,2004,0.33437404587671005,Specific TL %
Turkey,2005,26.705280670404832,Dutiable TL %
Turkey,2005,73.11887077738332,Duty-Free TL %
Turkey,2005,0.10712068140129019,Specific TL %
Turkey,2006,24.31570755,Dutiable TL %
Turkey,2006,75.08467980861921,Duty-Free TL %
Turkey,2006,0.3077657796290892,Specific TL %
Turkey,2007,25.906287245426153,Dutiable TL %
Turkey,2007,72.65565869487676,Duty-Free TL %
Turkey,2007,1.138785701236222,Specific TL %
Turkey,2008,26.360301995235634,Dutiable TL %
Turkey,2008,73.38257351365658,Duty-Free TL %
Turkey,2008,0.20460723393707173,Specific TL %
Turkey,2009,22.863065690903504,Dutiable TL %
Turkey,2009,75.95545880632025,Duty-Free TL %
Turkey,2009,1.147286284930345,Specific TL %
Turkey,2010,23.988392105626815,Dutiable TL %
Turkey,2010,75.85792473293887,Duty-Free TL %
Turkey,2010,0.10720133331658313,Specific TL %
Turkey,2011,23.86525793850988,Dutiable TL %
Turkey,2011,76.04681667,Duty-Free TL %
Turkey,2011,0.040359196851982644,Specific TL %
Turkey,2012,NA,Dutiable TL %
Turkey,2012,NA,Duty-Free TL %
Turkey,2012,NA,Specific TL %
Turkey,2013,22.862585710486453,Dutiable TL %
Turkey,2013,77.03623833585792,Duty-Free TL %
Turkey,2013,0.10117595365563174,Specific TL %
Turkey,2014,NA,Dutiable TL %
Turkey,2014,NA,Duty-Free TL %
Turkey,2014,NA,Specific TL %
Turkey,2015,24.018971195324458,Dutiable TL %
Turkey,2015,74.92346583793311,Duty-Free TL %
Turkey,2015,0.6085045688575537,Specific TL %
Turkey,2016,22.74138001842215,Dutiable TL %
Turkey,2016,76.22428086149947,Duty-Free TL %
Turkey,2016,0.6221875421685333,Specific TL %
Turkey,2017,29.247824729200982,Dutiable TL %
Turkey,2017,69.64448635442372,Duty-Free TL %
Turkey,2017,0.680288771,Specific TL %
Turkey,2018,29.03036806789027,Dutiable TL %
Turkey,2018,69.92488158673771,Duty-Free TL %
Turkey,2018,0.6093349121768304,Specific TL %
Turkey,2019,29.310962783646897,Dutiable TL %
Turkey,2019,69.36407863967003,Duty-Free TL %
Turkey,2019,0.7967378403468982,Specific TL %
Turkey,2020,30.393841117135537,Dutiable TL %
Turkey,2020,68.21616427412168,Duty-Free TL %
Turkey,2020,0.8332704818890071,Specific TL %
Turkey,2021,34.83217834382669,Dutiable TL %
Turkey,2021,63.144308855239714,Duty-Free TL %
Turkey,2021,1.1477858298875747,Specific TL %
Turkey,2022,37.42646775104445,Dutiable TL %
Turkey,2022,60.512349208465025,Duty-Free TL %
Turkey,2022,1.2277298573377906,Specific TL %
Vietnam,2000,NA,Dutiable TL %
Vietnam,2000,NA,Duty-Free TL %
Vietnam,2000,NA,Specific TL %
Vietnam,2001,66.14280049255943,Dutiable TL %
Vietnam,2001,33.85719950744057,Duty-Free TL %
Vietnam,2001,0,Specific TL %
Vietnam,2002,67.30371163454676,Dutiable TL %
Vietnam,2002,32.47323340471092,Duty-Free TL %
Vietnam,2002,0.22305496074232692,Specific TL %
Vietnam,2003,69.17696486557196,Dutiable TL %
Vietnam,2003,30.823035134428046,Duty-Free TL %
Vietnam,2003,0,Specific TL %
Vietnam,2004,69.4946757,Dutiable TL %
Vietnam,2004,30.352758954501454,Duty-Free TL %
Vietnam,2004,0.15256534365924493,Specific TL %
Vietnam,2005,69.40191141712054,Dutiable TL %
Vietnam,2005,30.59808858287946,Duty-Free TL %
Vietnam,2005,0,Specific TL %
Vietnam,2006,69.72528355684764,Dutiable TL %
Vietnam,2006,30.274716443152357,Duty-Free TL %
Vietnam,2006,0,Specific TL %
Vietnam,2007,66.43153526970954,Dutiable TL %
Vietnam,2007,33.56846473029046,Duty-Free TL %
Vietnam,2007,0,Specific TL %
Vietnam,2008,67.23394317991082,Dutiable TL %
Vietnam,2008,32.110721088236794,Duty-Free TL %
Vietnam,2008,0.6553357318523816,Specific TL %
Vietnam,2009,68.41312364942705,Dutiable TL %
Vietnam,2009,31.58687635057295,Duty-Free TL %
Vietnam,2009,0,Specific TL %
Vietnam,2010,64.38966791730421,Dutiable TL %
Vietnam,2010,35.25889594555884,Duty-Free TL %
Vietnam,2010,0.3514361371369483,Specific TL %
Vietnam,2011,NA,Dutiable TL %
Vietnam,2011,NA,Duty-Free TL %
Vietnam,2011,NA,Specific TL %
Vietnam,2012,59.98818316100443,Dutiable TL %
Vietnam,2012,39.61463975,Duty-Free TL %
Vietnam,2012,0.3971770884621697,Specific TL %
Vietnam,2013,59.60855025899941,Dutiable TL %
Vietnam,2013,39.890498983673204,Duty-Free TL %
Vietnam,2013,0.5009507573273884,Specific TL %
Vietnam,2014,59.930010491785865,Dutiable TL %
Vietnam,2014,39.56532132754293,Duty-Free TL %
Vietnam,2014,0.5046681806712087,Specific TL %
Vietnam,2015,54.004472316610034,Dutiable TL %
Vietnam,2015,45.54954527,Duty-Free TL %
Vietnam,2015,0.4459824105536678,Specific TL %
Vietnam,2016,53.002435644652266,Dutiable TL %
Vietnam,2016,46.545840785754834,Duty-Free TL %
Vietnam,2016,0.4517235695928994,Specific TL %
Vietnam,2017,53.08124046540222,Dutiable TL %
Vietnam,2017,46.42523736879255,Duty-Free TL %
Vietnam,2017,0.49352216580523234,Specific TL %
Vietnam,2018,52.59834833671619,Dutiable TL %
Vietnam,2018,46.705969848623354,Duty-Free TL %
Vietnam,2018,0.6956818146604484,Specific TL %
Vietnam,2019,47.980922636329296,Dutiable TL %
Vietnam,2019,51.53706950496947,Duty-Free TL %
Vietnam,2019,0.4820078587012284,Specific TL %
Vietnam,2020,47.29710174289038,Dutiable TL %
Vietnam,2020,52.19351813798413,Duty-Free TL %
Vietnam,2020,0.509380119,Specific TL %
Vietnam,2021,42.09972904112913,Dutiable TL %
Vietnam,2021,57.39186199007447,Duty-Free TL %
Vietnam,2021,0.5084089687963995,Specific TL %
Vietnam,2022,40.420632108780374,Dutiable TL %
Vietnam,2022,59.579367891219626,Duty-Free TL %
Vietnam,2022,0,Specific TL %
