Country Name,Region,Year,Index
India,South Asia,1988,4.409688097
Japan,East Asia,1988,8.534231448
"Korea, Rep.",East Asia,1988,5.325207862
Thailand,Southeast Asia,1988,4.360792066
Bangladesh,South Asia,1989,3.231735691
Cyprus,West Asia,1989,2.30044917
India,South Asia,1989,5.583791299
Indonesia,Southeast Asia,1989,4.238473528
Japan,East Asia,1989,13.49586058
"Korea, Rep.",East Asia,1989,7.746981768
Malaysia,Southeast Asia,1989,4.271767067
Oman,West Asia,1989,2.07593417
Singapore,Southeast Asia,1989,6.387775949
Thailand,Southeast Asia,1989,5.675739965
Turkey,West Asia,1989,3.69950604
Bangladesh,South Asia,1990,3.127789047
Cyprus,West Asia,1990,2.3152179
India,South Asia,1990,6.220955148
Indonesia,Southeast Asia,1990,4.497990029
Japan,East Asia,1990,15.04819624
"Korea, Rep.",East Asia,1990,8.725629467
Malaysia,Southeast Asia,1990,4.670473821
Oman,West Asia,1990,2.046165553
Singapore,Southeast Asia,1990,7.124926506
Sri Lanka,South Asia,1990,3.395281637
Thailand,Southeast Asia,1990,6.070280714
Turkey,West Asia,1990,3.704614628
Bangladesh,South Asia,1991,3.134534525
Cyprus,West Asia,1991,2.232880926
India,South Asia,1991,6.560652649
Indonesia,Southeast Asia,1991,4.766313875
Japan,East Asia,1991,15.93114745
"Korea, Rep.",East Asia,1991,9.09705016
Malaysia,Southeast Asia,1991,4.945595505
Oman,West Asia,1991,2.051125989
Saudi Arabia,West Asia,1991,2.417512395
Singapore,Southeast Asia,1991,7.110266334
Sri Lanka,South Asia,1991,3.406349206
Thailand,Southeast Asia,1991,6.391911828
Turkey,West Asia,1991,3.768580348
United Arab Emirates,West Asia,1991,2.554634855
Bangladesh,South Asia,1992,3.026484278
Brunei,Southeast Asia,1992,1.525660727
China,East Asia,1992,12.15325058
Cyprus,West Asia,1992,2.17426674
India,South Asia,1992,7.436595013
Indonesia,Southeast Asia,1992,5.303057485
Japan,East Asia,1992,17.94925298
"Korea, Rep.",East Asia,1992,10.10424573
Malaysia,Southeast Asia,1992,5.608872765
Myanmar,Southeast Asia,1992,2.275821825
Oman,West Asia,1992,1.752278976
Saudi Arabia,West Asia,1992,2.336148119
Singapore,Southeast Asia,1992,8.069999288
Sri Lanka,South Asia,1992,3.396588773
Thailand,Southeast Asia,1992,7.114426514
Turkey,West Asia,1992,4.431471866
United Arab Emirates,West Asia,1992,2.737170791
Bangladesh,South Asia,1993,3.044127474
Bhutan,South Asia,1993,1.380735453
Brunei,Southeast Asia,1993,1.474655553
China,East Asia,1993,13.85076278
Cyprus,West Asia,1993,2.151536637
"Hong Kong, China",East Asia,1993,11.36338545
India,South Asia,1993,8.344079048
Indonesia,Southeast Asia,1993,5.945565451
Japan,East Asia,1993,18.41495407
"Korea, Rep.",East Asia,1993,10.92085815
Malaysia,Southeast Asia,1993,6.20462621
Oman,West Asia,1993,1.680655731
Saudi Arabia,West Asia,1993,2.347493457
Singapore,Southeast Asia,1993,8.543287766
Sri Lanka,South Asia,1993,3.474572321
Thailand,Southeast Asia,1993,7.629291907
Turkey,West Asia,1993,4.613281934
United Arab Emirates,West Asia,1993,2.95370423
Bhutan,South Asia,1994,1.301804918
Brunei,Southeast Asia,1994,1.452424751
China,East Asia,1994,16.23806253
Cyprus,West Asia,1994,2.211032971
"Hong Kong, China",East Asia,1994,12.25648346
India,South Asia,1994,9.823121556
Indonesia,Southeast Asia,1994,6.532549098
Japan,East Asia,1994,19.80334899
Jordan,West Asia,1994,1.820350426
"Korea, Rep.",East Asia,1994,11.9301093
Malaysia,Southeast Asia,1994,6.588796789
Nepal,South Asia,1994,2.716221044
Oman,West Asia,1994,1.664467513
Saudi Arabia,West Asia,1994,2.424566799
Singapore,Southeast Asia,1994,8.919716442
Sri Lanka,South Asia,1994,3.76051699
Thailand,Southeast Asia,1994,8.363437964
Turkey,West Asia,1994,5.966673328
Bangladesh,South Asia,1995,3.338893209
China,East Asia,1995,17.82946717
Cyprus,West Asia,1995,2.329865626
"Hong Kong, China",East Asia,1995,12.69109282
India,South Asia,1995,10.33107982
Indonesia,Southeast Asia,1995,6.841807244
Israel,West Asia,1995,6.346394535
Japan,East Asia,1995,20.1593174
Jordan,West Asia,1995,1.856685609
Kazakhstan,Central Asia,1995,1.929371353
"Korea, Rep.",East Asia,1995,12.5034917
Kyrgyz Republic,Central Asia,1995,1.618301374
Malaysia,Southeast Asia,1995,6.908749515
Maldives,South Asia,1995,1.45876446
Oman,West Asia,1995,1.629657738
Saudi Arabia,West Asia,1995,2.850008156
Singapore,Southeast Asia,1995,8.73097733
Thailand,Southeast Asia,1995,8.688831178
Turkey,West Asia,1995,6.753949573
Azerbaijan,West Asia,1996,1.57808758
Bangladesh,South Asia,1996,3.342995369
China,East Asia,1996,19.33419177
Cyprus,West Asia,1996,2.537021546
Georgia,West Asia,1996,1.549372924
"Hong Kong, China",East Asia,1996,13.43923454
India,South Asia,1996,11.29109123
Indonesia,Southeast Asia,1996,7.46327414
Israel,West Asia,1996,6.937092056
Japan,East Asia,1996,21.01248179
Kazakhstan,Central Asia,1996,1.85658898
"Korea, Rep.",East Asia,1996,13.43841292
Kyrgyz Republic,Central Asia,1996,1.491043282
Malaysia,Southeast Asia,1996,7.484269078
Maldives,South Asia,1996,1.602197299
Mongolia,East Asia,1996,1.687745406
Oman,West Asia,1996,1.710442469
Philippines,Southeast Asia,1996,5.163670097
Russian Federation,North Asia,1996,6.723446572
Saudi Arabia,West Asia,1996,2.860099537
Singapore,Southeast Asia,1996,9.399875652
Thailand,Southeast Asia,1996,9.226881526
Turkey,West Asia,1996,8.334750092
Armenia,West Asia,1997,1.488640402
Azerbaijan,West Asia,1997,1.536701178
Bangladesh,South Asia,1997,3.427311535
Brunei,Southeast Asia,1997,1.438081111
China,East Asia,1997,21.88009282
Cyprus,West Asia,1997,2.53177518
Georgia,West Asia,1997,1.587833931
"Hong Kong, China",East Asia,1997,13.95449111
India,South Asia,1997,12.30296853
Indonesia,Southeast Asia,1997,8.17694228
"Iran, Islamic Rep.",West Asia,1997,2.855644218
Israel,West Asia,1997,7.1252222
Japan,East Asia,1997,22.24096768
Jordan,West Asia,1997,2.011147756
Kazakhstan,Central Asia,1997,1.76586898
"Korea, Rep.",East Asia,1997,14.36239492
Lebanon,West Asia,1997,2.530138559
Malaysia,Southeast Asia,1997,8.293539337
Maldives,South Asia,1997,1.528208664
Mongolia,East Asia,1997,1.574075575
Oman,West Asia,1997,1.689584857
Philippines,Southeast Asia,1997,5.400298441
Russian Federation,North Asia,1997,6.554859684
Singapore,Southeast Asia,1997,10.17187635
Thailand,Southeast Asia,1997,9.930446992
Turkey,West Asia,1997,9.235457485
Turkmenistan,Central Asia,1997,1.548043237
Azerbaijan,West Asia,1998,1.559401128
Bangladesh,South Asia,1998,3.518996373
Bhutan,South Asia,1998,1.238856569
Brunei,Southeast Asia,1998,1.44343549
China,East Asia,1998,23.67895186
Cyprus,West Asia,1998,2.543661582
Georgia,West Asia,1998,1.650275147
"Hong Kong, China",East Asia,1998,13.7929994
India,South Asia,1998,13.17259117
Indonesia,Southeast Asia,1998,9.279688289
"Iran, Islamic Rep.",West Asia,1998,2.878249625
Israel,West Asia,1998,7.178550518
Japan,East Asia,1998,22.93684982
Jordan,West Asia,1998,2.085515569
Kazakhstan,Central Asia,1998,1.90030645
"Korea, Rep.",East Asia,1998,15.53190713
Lebanon,West Asia,1998,2.61442573
Malaysia,Southeast Asia,1998,8.868781785
Maldives,South Asia,1998,1.463737427
Mongolia,East Asia,1998,1.653642065
Nepal,South Asia,1998,2.677520532
Oman,West Asia,1998,1.714014026
Philippines,Southeast Asia,1998,5.576854475
Russian Federation,North Asia,1998,6.951412997
Saudi Arabia,West Asia,1998,3.279680477
Singapore,Southeast Asia,1998,10.51310792
Thailand,Southeast Asia,1998,10.8626658
Turkey,West Asia,1998,10.03499878
Turkmenistan,Central Asia,1998,1.517539632
Armenia,West Asia,1999,1.482242205
Azerbaijan,West Asia,1999,1.562785263
Bhutan,South Asia,1999,1.230007307
China,East Asia,1999,25.45845979
Cyprus,West Asia,1999,2.581743216
Georgia,West Asia,1999,1.686244888
"Hong Kong, China",East Asia,1999,14.01558112
India,South Asia,1999,14.05234286
Indonesia,Southeast Asia,1999,9.434564936
"Iran, Islamic Rep.",West Asia,1999,3.124256868
Israel,West Asia,1999,7.221831177
Japan,East Asia,1999,23.00117729
Jordan,West Asia,1999,2.083688221
Kazakhstan,Central Asia,1999,1.906806939
"Korea, Rep.",East Asia,1999,15.99800351
Lebanon,West Asia,1999,2.632119723
Malaysia,Southeast Asia,1999,8.948553449
Maldives,South Asia,1999,1.411496682
Mongolia,East Asia,1999,1.674014652
Nepal,South Asia,1999,2.760014877
Oman,West Asia,1999,1.69211378
Philippines,Southeast Asia,1999,5.601007049
Russian Federation,North Asia,1999,7.570508539
Saudi Arabia,West Asia,1999,3.333078153
Singapore,Southeast Asia,1999,10.30990432
Sri Lanka,South Asia,1999,3.850021509
Thailand,Southeast Asia,1999,11.21036982
Turkey,West Asia,1999,10.83099386
Turkmenistan,Central Asia,1999,1.668226003
United Arab Emirates,West Asia,1999,6.821235722
Armenia,West Asia,2000,1.476915174
Azerbaijan,West Asia,2000,1.551882793
Bahrain,West Asia,2000,1.918847865
Bangladesh,South Asia,2000,3.952428968
Cambodia,Southeast Asia,2000,2.527579301
China,East Asia,2000,31.11510534
Cyprus,West Asia,2000,2.84310714
Georgia,West Asia,2000,1.76050328
"Hong Kong, China",East Asia,2000,15.76133139
India,South Asia,2000,16.7947952
Indonesia,Southeast Asia,2000,10.98183155
"Iran, Islamic Rep.",West Asia,2000,3.745390489
Israel,West Asia,2000,7.941931536
Japan,East Asia,2000,25.59157802
Jordan,West Asia,2000,2.258383115
Kazakhstan,Central Asia,2000,1.926539963
"Korea, Rep.",East Asia,2000,18.11675978
Kuwait,West Asia,2000,1.994343037
Kyrgyz Republic,Central Asia,2000,1.440891658
Lebanon,West Asia,2000,3.016521506
Malaysia,Southeast Asia,2000,10.69933267
Maldives,South Asia,2000,1.416179855
Mongolia,East Asia,2000,1.520775828
Nepal,South Asia,2000,3.026229406
Oman,West Asia,2000,1.872713645
Philippines,Southeast Asia,2000,6.28053491
Qatar,West Asia,2000,1.606785486
Russian Federation,North Asia,2000,8.491567959
Saudi Arabia,West Asia,2000,4.303785388
Singapore,Southeast Asia,2000,12.00054908
Sri Lanka,South Asia,2000,4.131424924
Tajikistan,Central Asia,2000,1.445073189
Thailand,Southeast Asia,2000,13.58605058
Turkey,West Asia,2000,12.08802523
Turkmenistan,Central Asia,2000,1.589785054
United Arab Emirates,West Asia,2000,9.279269176
Vietnam,Southeast Asia,2000,5.57195624
Armenia,West Asia,2001,1.532808848
Azerbaijan,West Asia,2001,1.556323656
Bahrain,West Asia,2001,1.968321921
Bangladesh,South Asia,2001,4.001748728
Brunei,Southeast Asia,2001,1.507601226
Cambodia,Southeast Asia,2001,2.486717067
China,East Asia,2001,33.60816464
Cyprus,West Asia,2001,2.855261029
Georgia,West Asia,2001,1.771246657
"Hong Kong, China",East Asia,2001,16.0212962
India,South Asia,2001,17.65173438
Indonesia,Southeast Asia,2001,11.35913713
"Iran, Islamic Rep.",West Asia,2001,3.692746707
Israel,West Asia,2001,8.042745871
Japan,East Asia,2001,25.96992607
Jordan,West Asia,2001,2.27292555
Kazakhstan,Central Asia,2001,1.835672134
"Korea, Rep.",East Asia,2001,18.75658238
Kuwait,West Asia,2001,1.960075874
Kyrgyz Republic,Central Asia,2001,1.466091311
Lebanon,West Asia,2001,3.056852634
Malaysia,Southeast Asia,2001,11.090395
Maldives,South Asia,2001,1.37262124
Mongolia,East Asia,2001,1.580404122
Myanmar,Southeast Asia,2001,2.753390496
Oman,West Asia,2001,1.975607735
Philippines,Southeast Asia,2001,6.382133618
Qatar,West Asia,2001,1.683806432
Russian Federation,North Asia,2001,8.664919871
Saudi Arabia,West Asia,2001,4.295134767
Singapore,Southeast Asia,2001,12.51027319
Sri Lanka,South Asia,2001,4.276487278
Syrian Arab Republic,West Asia,2001,3.305444514
Thailand,Southeast Asia,2001,14.50672537
Turkey,West Asia,2001,12.96103083
United Arab Emirates,West Asia,2001,9.752716648
Vietnam,Southeast Asia,2001,5.844694839
Armenia,West Asia,2002,1.551090901
Azerbaijan,West Asia,2002,1.533458661
Bahrain,West Asia,2002,1.983312031
Bangladesh,South Asia,2002,3.894457577
Brunei,Southeast Asia,2002,1.510082404
Cambodia,Southeast Asia,2002,2.560054636
China,East Asia,2002,35.76720049
Cyprus,West Asia,2002,2.739892088
Georgia,West Asia,2002,1.749621313
"Hong Kong, China",East Asia,2002,15.96080719
India,South Asia,2002,18.69477385
Indonesia,Southeast Asia,2002,11.63712254
"Iran, Islamic Rep.",West Asia,2002,3.72200973
Israel,West Asia,2002,8.191711219
Japan,East Asia,2002,25.63277171
Jordan,West Asia,2002,2.325673273
Kazakhstan,Central Asia,2002,1.893263642
"Korea, Rep.",East Asia,2002,18.831566
Kuwait,West Asia,2002,1.958940446
Kyrgyz Republic,Central Asia,2002,1.470853884
Lebanon,West Asia,2002,3.191256132
Malaysia,Southeast Asia,2002,11.36592302
Maldives,South Asia,2002,1.38612888
Oman,West Asia,2002,1.972576546
Philippines,Southeast Asia,2002,6.627583753
Qatar,West Asia,2002,1.664014111
Russian Federation,North Asia,2002,8.542702728
Saudi Arabia,West Asia,2002,4.357321216
Singapore,Southeast Asia,2002,12.46622005
Sri Lanka,South Asia,2002,4.206246319
Syrian Arab Republic,West Asia,2002,3.411403701
Thailand,Southeast Asia,2002,14.96866693
Turkey,West Asia,2002,14.0053694
United Arab Emirates,West Asia,2002,10.18029548
Vietnam,Southeast Asia,2002,6.258037578
Armenia,West Asia,2003,1.556359402
Azerbaijan,West Asia,2003,1.50311905
Bahrain,West Asia,2003,1.974830246
Bangladesh,South Asia,2003,4.247224112
Brunei,Southeast Asia,2003,1.489078351
Cambodia,Southeast Asia,2003,2.698835628
China,East Asia,2003,39.09623459
Cyprus,West Asia,2003,2.687467504
Georgia,West Asia,2003,1.76475143
"Hong Kong, China",East Asia,2003,16.78224688
India,South Asia,2003,19.97661474
Indonesia,Southeast Asia,2003,12.11279096
"Iran, Islamic Rep.",West Asia,2003,3.65867981
Israel,West Asia,2003,8.258953177
Japan,East Asia,2003,25.90551818
Jordan,West Asia,2003,2.44730279
Kazakhstan,Central Asia,2003,1.853374701
"Korea, Rep.",East Asia,2003,19.3400389
Kuwait,West Asia,2003,1.979817082
Kyrgyz Republic,Central Asia,2003,1.498748013
Lebanon,West Asia,2003,3.406335829
Malaysia,Southeast Asia,2003,11.91169374
Maldives,South Asia,2003,1.384796943
Mongolia,East Asia,2003,1.668666507
Nepal,South Asia,2003,2.902338741
Oman,West Asia,2003,1.979646425
Pakistan,South Asia,2003,6.273997894
Philippines,Southeast Asia,2003,6.872936425
Qatar,West Asia,2003,1.78210697
Russian Federation,North Asia,2003,8.807258369
Saudi Arabia,West Asia,2003,4.644175964
Singapore,Southeast Asia,2003,12.96038592
Sri Lanka,South Asia,2003,4.284649113
Syrian Arab Republic,West Asia,2003,3.478759944
Thailand,Southeast Asia,2003,15.6197768
Turkey,West Asia,2003,15.2861008
United Arab Emirates,West Asia,2003,11.09404908
Vietnam,Southeast Asia,2003,6.555813678
Armenia,West Asia,2004,1.572541238
Azerbaijan,West Asia,2004,1.533568951
Bahrain,West Asia,2004,2.054863648
Bangladesh,South Asia,2004,4.346801989
Brunei,Southeast Asia,2004,1.503374286
Cambodia,Southeast Asia,2004,2.929824561
China,East Asia,2004,41.82576696
Cyprus,West Asia,2004,2.76658806
Georgia,West Asia,2004,1.801408157
"Hong Kong, China",East Asia,2004,17.17444856
India,South Asia,2004,20.55447933
Indonesia,Southeast Asia,2004,12.53971803
"Iran, Islamic Rep.",West Asia,2004,3.790383556
Israel,West Asia,2004,8.649184228
Japan,East Asia,2004,25.7388079
Jordan,West Asia,2004,2.55267073
Kazakhstan,Central Asia,2004,1.933199079
"Korea, Rep.",East Asia,2004,19.62570254
Kuwait,West Asia,2004,2.051106448
Kyrgyz Republic,Central Asia,2004,1.583625755
Lebanon,West Asia,2004,3.634202006
Malaysia,Southeast Asia,2004,12.61810162
Maldives,South Asia,2004,1.293735829
Mongolia,East Asia,2004,1.732102393
Oman,West Asia,2004,2.065870084
Pakistan,South Asia,2004,6.630571984
Philippines,Southeast Asia,2004,7.22861923
Qatar,West Asia,2004,1.858457854
Russian Federation,North Asia,2004,9.142718988
Saudi Arabia,West Asia,2004,4.515441793
Singapore,Southeast Asia,2004,13.19363676
Sri Lanka,South Asia,2004,4.441405599
Syrian Arab Republic,West Asia,2004,3.760855662
Thailand,Southeast Asia,2004,16.27194252
Turkey,West Asia,2004,16.28902773
United Arab Emirates,West Asia,2004,11.66741278
Vietnam,Southeast Asia,2004,7.15824722
Yemen,West Asia,2004,1.610541728
Armenia,West Asia,2005,1.584036111
Azerbaijan,West Asia,2005,1.54008918
Bahrain,West Asia,2005,2.154357114
Bangladesh,South Asia,2005,4.373872732
Bhutan,South Asia,2005,1.161871369
Cambodia,Southeast Asia,2005,3.077380816
China,East Asia,2005,45.07670806
Cyprus,West Asia,2005,2.808154942
Georgia,West Asia,2005,1.873142227
"Hong Kong, China",East Asia,2005,17.75131678
India,South Asia,2005,22.93202527
Indonesia,Southeast Asia,2005,12.74774558
"Iran, Islamic Rep.",West Asia,2005,3.958435979
Israel,West Asia,2005,8.93511897
Japan,East Asia,2005,25.92006574
Jordan,West Asia,2005,2.753051136
Kazakhstan,Central Asia,2005,2.000451325
"Korea, Rep.",East Asia,2005,19.90080535
Kyrgyz Republic,Central Asia,2005,1.529979468
Lebanon,West Asia,2005,4.109581192
Malaysia,Southeast Asia,2005,12.77881977
Maldives,South Asia,2005,1.341090475
Mongolia,East Asia,2005,1.747975111
Oman,West Asia,2005,2.229958449
Pakistan,South Asia,2005,6.963057592
Philippines,Southeast Asia,2005,7.297548946
Qatar,West Asia,2005,2.024134798
Russian Federation,North Asia,2005,9.143173578
Saudi Arabia,West Asia,2005,5.037565089
Singapore,Southeast Asia,2005,13.31376786
Sri Lanka,South Asia,2005,4.620622477
Syrian Arab Republic,West Asia,2005,3.989889556
Thailand,Southeast Asia,2005,16.81436716
Turkey,West Asia,2005,16.91819082
United Arab Emirates,West Asia,2005,13.43835895
Vietnam,Southeast Asia,2005,7.373611482
Yemen,West Asia,2005,1.649364997
Armenia,West Asia,2006,1.63113713
Azerbaijan,West Asia,2006,1.551045937
Bahrain,West Asia,2006,2.12899332
Bangladesh,South Asia,2006,4.767761126
Bhutan,South Asia,2006,1.150575288
Brunei,Southeast Asia,2006,1.513018303
Cambodia,Southeast Asia,2006,3.356384389
China,East Asia,2006,48.75488578
Cyprus,West Asia,2006,2.765220295
Georgia,West Asia,2006,1.954060689
"Hong Kong, China",East Asia,2006,18.22659487
India,South Asia,2006,23.96472145
Indonesia,Southeast Asia,2006,13.0465081
"Iran, Islamic Rep.",West Asia,2006,3.966718165
Israel,West Asia,2006,9.286289426
Japan,East Asia,2006,26.35983546
Jordan,West Asia,2006,2.783832241
Kazakhstan,Central Asia,2006,2.03588341
"Korea, Rep.",East Asia,2006,20.35382108
Kuwait,West Asia,2006,2.218627782
Kyrgyz Republic,Central Asia,2006,1.463777149
Lebanon,West Asia,2006,4.050566098
Malaysia,Southeast Asia,2006,13.21375513
Maldives,South Asia,2006,1.370959171
Mongolia,East Asia,2006,1.76917806
Oman,West Asia,2006,2.183209236
Pakistan,South Asia,2006,7.029585428
Philippines,Southeast Asia,2006,7.500392085
Qatar,West Asia,2006,2.100606479
Russian Federation,North Asia,2006,9.456250709
Saudi Arabia,West Asia,2006,5.074538015
Singapore,Southeast Asia,2006,13.3911825
Sri Lanka,South Asia,2006,4.814814131
Syrian Arab Republic,West Asia,2006,3.974936549
Thailand,Southeast Asia,2006,17.3766867
Turkey,West Asia,2006,17.61973181
United Arab Emirates,West Asia,2006,13.55670258
Vietnam,Southeast Asia,2006,8.018428292
Yemen,West Asia,2006,1.595658335
Armenia,West Asia,2007,1.685186174
Azerbaijan,West Asia,2007,1.571709863
Bahrain,West Asia,2007,2.24151007
Bangladesh,South Asia,2007,4.780399799
Bhutan,South Asia,2007,1.155386823
Brunei,Southeast Asia,2007,1.441886452
Cambodia,Southeast Asia,2007,3.538774533
China,East Asia,2007,51.04699616
Cyprus,West Asia,2007,2.900464392
Georgia,West Asia,2007,2.066044175
"Hong Kong, China",East Asia,2007,18.45165366
India,South Asia,2007,25.09899145
Indonesia,Southeast Asia,2007,13.27567161
Israel,West Asia,2007,9.670120137
Japan,East Asia,2007,26.76895251
Jordan,West Asia,2007,3.056375043
Kazakhstan,Central Asia,2007,2.076219596
"Korea, Rep.",East Asia,2007,20.99627824
Kuwait,West Asia,2007,2.307753377
Kyrgyz Republic,Central Asia,2007,1.483158481
Lebanon,West Asia,2007,4.56073333
Malaysia,Southeast Asia,2007,13.8003007
Maldives,South Asia,2007,1.354754028
Mongolia,East Asia,2007,1.779124857
Oman,West Asia,2007,2.244688767
Pakistan,South Asia,2007,7.2686196
Philippines,Southeast Asia,2007,7.91228546
Qatar,West Asia,2007,2.285020994
Russian Federation,North Asia,2007,9.422370394
Saudi Arabia,West Asia,2007,5.207597771
Singapore,Southeast Asia,2007,13.89229509
Sri Lanka,South Asia,2007,5.073853417
Syrian Arab Republic,West Asia,2007,4.267667593
Thailand,Southeast Asia,2007,18.02321722
Turkey,West Asia,2007,18.82452179
United Arab Emirates,West Asia,2007,13.94761547
Vietnam,Southeast Asia,2007,8.587825342
Yemen,West Asia,2007,1.721582009
Afghanistan,South Asia,2008,1.708677857
Armenia,West Asia,2008,1.694754428
Azerbaijan,West Asia,2008,1.61689441
Bahrain,West Asia,2008,2.306241449
Bangladesh,South Asia,2008,5.112500806
Bhutan,South Asia,2008,1.186917912
Brunei,Southeast Asia,2008,1.430244712
Cambodia,Southeast Asia,2008,4.050009975
China,East Asia,2008,51.59516011
Cyprus,West Asia,2008,2.933821667
Georgia,West Asia,2008,2.124868168
"Hong Kong, China",East Asia,2008,18.45490399
India,South Asia,2008,26.00704236
Indonesia,Southeast Asia,2008,13.67938512
Israel,West Asia,2008,9.753299424
Japan,East Asia,2008,26.63422371
Jordan,West Asia,2008,3.128774661
Kazakhstan,Central Asia,2008,2.119472746
"Korea, Rep.",East Asia,2008,21.1310799
Kuwait,West Asia,2008,2.444196538
Kyrgyz Republic,Central Asia,2008,1.508927779
Lebanon,West Asia,2008,4.713812984
Malaysia,Southeast Asia,2008,13.93710866
Maldives,South Asia,2008,1.374477735
Oman,West Asia,2008,2.343801038
Pakistan,South Asia,2008,7.447512176
Philippines,Southeast Asia,2008,8.160290193
Qatar,West Asia,2008,2.429665763
Russian Federation,North Asia,2008,9.189703596
Saudi Arabia,West Asia,2008,5.394952239
Singapore,Southeast Asia,2008,13.8934813
Sri Lanka,South Asia,2008,5.3032099
Syrian Arab Republic,West Asia,2008,4.379398465
Thailand,Southeast Asia,2008,18.50600652
Turkey,West Asia,2008,19.45643782
United Arab Emirates,West Asia,2008,14.38723769
Vietnam,Southeast Asia,2008,9.256418847
Yemen,West Asia,2008,1.700497556
Afghanistan,South Asia,2009,1.623325678
Armenia,West Asia,2009,1.635513162
Azerbaijan,West Asia,2009,1.546167839
Bahrain,West Asia,2009,2.192836775
Bangladesh,South Asia,2009,5.104679419
Bhutan,South Asia,2009,1.1853067
Brunei,Southeast Asia,2009,1.461992936
Cambodia,Southeast Asia,2009,3.944034065
China,East Asia,2009,51.86579469
Cyprus,West Asia,2009,2.998133815
Georgia,West Asia,2009,2.122115719
"Hong Kong, China",East Asia,2009,18.03336331
India,South Asia,2009,26.00384526
Indonesia,Southeast Asia,2009,13.22123927
Israel,West Asia,2009,9.579405101
Japan,East Asia,2009,25.53552817
Jordan,West Asia,2009,2.945055452
Kazakhstan,Central Asia,2009,2.063156873
"Korea, Rep.",East Asia,2009,20.8139744
Kyrgyz Republic,Central Asia,2009,1.503517355
Lebanon,West Asia,2009,4.29039898
Malaysia,Southeast Asia,2009,13.46227942
Maldives,South Asia,2009,1.3520492
Nepal,South Asia,2009,3.380572573
Oman,West Asia,2009,2.265186713
Pakistan,South Asia,2009,7.441968891
Philippines,Southeast Asia,2009,7.898282934
Russian Federation,North Asia,2009,8.814890706
Saudi Arabia,West Asia,2009,4.986654525
Singapore,Southeast Asia,2009,13.42747282
Sri Lanka,South Asia,2009,5.181404868
Syrian Arab Republic,West Asia,2009,3.856617785
Thailand,Southeast Asia,2009,17.95356797
Turkey,West Asia,2009,19.42010526
United Arab Emirates,West Asia,2009,13.61156544
Vietnam,Southeast Asia,2009,9.369075074
Yemen,West Asia,2009,1.604189513
Afghanistan,South Asia,2010,1.68759783
Armenia,West Asia,2010,1.765518753
Azerbaijan,West Asia,2010,1.565637728
Bahrain,West Asia,2010,2.331497942
Bangladesh,South Asia,2010,5.394746127
Bhutan,South Asia,2010,1.136157612
Brunei,Southeast Asia,2010,1.464262505
Cambodia,Southeast Asia,2010,4.152681853
China,East Asia,2010,54.05037978
Cyprus,West Asia,2010,3.04108839
Georgia,West Asia,2010,2.212427275
"Hong Kong, China",East Asia,2010,18.81322838
India,South Asia,2010,27.25539812
Indonesia,Southeast Asia,2010,13.61130157
"Iran, Islamic Rep.",West Asia,2010,3.862629471
Israel,West Asia,2010,9.546290712
Japan,East Asia,2010,25.83293905
Jordan,West Asia,2010,3.122800447
Kazakhstan,Central Asia,2010,1.985947123
"Korea, Rep.",East Asia,2010,21.85061377
Kuwait,West Asia,2010,2.352682273
Kyrgyz Republic,Central Asia,2010,1.480984997
Lao PDR,Southeast Asia,2010,1.95710527
Lebanon,West Asia,2010,4.485762228
Malaysia,Southeast Asia,2010,13.96371238
Maldives,South Asia,2010,1.382163987
Myanmar,Southeast Asia,2010,2.63889819
Nepal,South Asia,2010,3.469452979
Oman,West Asia,2010,2.375155644
Pakistan,South Asia,2010,7.600009304
Philippines,Southeast Asia,2010,7.963598393
Qatar,West Asia,2010,2.587551378
Russian Federation,North Asia,2010,8.857144459
Saudi Arabia,West Asia,2010,5.272323185
Singapore,Southeast Asia,2010,13.70759327
Sri Lanka,South Asia,2010,5.164564148
Syrian Arab Republic,West Asia,2010,4.108441981
Thailand,Southeast Asia,2010,18.72315622
Turkey,West Asia,2010,20.65842793
United Arab Emirates,West Asia,2010,14.50177779
Vietnam,Southeast Asia,2010,9.881509022
Yemen,West Asia,2010,1.625830333
Afghanistan,South Asia,2011,1.666830081
Armenia,West Asia,2011,1.76251503
Azerbaijan,West Asia,2011,1.500747626
Bahrain,West Asia,2011,2.236450469
Bangladesh,South Asia,2011,5.643961503
Bhutan,South Asia,2011,1.154343716
Brunei,Southeast Asia,2011,1.481036477
Cambodia,Southeast Asia,2011,4.27654188
China,East Asia,2011,54.07507618
Cyprus,West Asia,2011,3.163634035
Georgia,West Asia,2011,2.324369908
"Hong Kong, China",East Asia,2011,19.0441907
India,South Asia,2011,27.17977653
Indonesia,Southeast Asia,2011,13.62430119
"Iran, Islamic Rep.",West Asia,2011,3.650696436
Israel,West Asia,2011,9.655712916
Japan,East Asia,2011,25.38159182
Jordan,West Asia,2011,3.01219454
Kazakhstan,Central Asia,2011,2.009125927
"Korea, Rep.",East Asia,2011,21.55263874
Kuwait,West Asia,2011,2.273930793
Kyrgyz Republic,Central Asia,2011,1.493109953
Lao PDR,Southeast Asia,2011,1.95133994
Lebanon,West Asia,2011,4.471647263
Malaysia,Southeast Asia,2011,14.21311161
Maldives,South Asia,2011,1.37484862
Myanmar,Southeast Asia,2011,2.353953102
Nepal,South Asia,2011,3.561258496
Oman,West Asia,2011,2.356206584
Pakistan,South Asia,2011,7.703209615
Philippines,Southeast Asia,2011,8.299119737
Russian Federation,North Asia,2011,8.89044347
Saudi Arabia,West Asia,2011,4.953881677
Singapore,Southeast Asia,2011,14.0080189
Sri Lanka,South Asia,2011,5.158872703
Thailand,Southeast Asia,2011,18.82137944
Turkey,West Asia,2011,21.06904201
United Arab Emirates,West Asia,2011,14.28114291
Vietnam,Southeast Asia,2011,10.37918591
Yemen,West Asia,2011,1.499194344
Afghanistan,South Asia,2012,1.72454664
Armenia,West Asia,2012,1.819260375
Azerbaijan,West Asia,2012,1.627209705
Bahrain,West Asia,2012,2.30428276
Bangladesh,South Asia,2012,6.004393969
Bhutan,South Asia,2012,1.144129139
Brunei,Southeast Asia,2012,1.473777363
Cambodia,Southeast Asia,2012,4.780187828
China,East Asia,2012,54.11805949
Cyprus,West Asia,2012,3.197071774
Georgia,West Asia,2012,2.390326964
"Hong Kong, China",East Asia,2012,18.85150173
India,South Asia,2012,27.76350292
Indonesia,Southeast Asia,2012,13.79918485
Israel,West Asia,2012,9.702965076
Japan,East Asia,2012,24.94698767
Jordan,West Asia,2012,3.145461712
Kazakhstan,Central Asia,2012,2.087784132
"Korea, Rep.",East Asia,2012,21.71452612
Kyrgyz Republic,Central Asia,2012,1.490682617
Lao PDR,Southeast Asia,2012,2.004393537
Lebanon,West Asia,2012,4.511199057
Malaysia,Southeast Asia,2012,14.33780006
Maldives,South Asia,2012,1.448393304
Myanmar,Southeast Asia,2012,2.315578178
Nepal,South Asia,2012,3.560518565
Oman,West Asia,2012,2.440471651
Pakistan,South Asia,2012,7.900530916
Philippines,Southeast Asia,2012,8.461151832
Qatar,West Asia,2012,2.875452975
Russian Federation,North Asia,2012,9.064874693
Saudi Arabia,West Asia,2012,5.15047784
Singapore,Southeast Asia,2012,14.01231319
Sri Lanka,South Asia,2012,5.40776142
Thailand,Southeast Asia,2012,18.66267705
Turkey,West Asia,2012,21.70383502
United Arab Emirates,West Asia,2012,14.07178074
Vietnam,Southeast Asia,2012,11.03428382
Yemen,West Asia,2012,1.541015929
Afghanistan,South Asia,2013,1.852507296
Armenia,West Asia,2013,1.850802768
Azerbaijan,West Asia,2013,1.626503446
Bahrain,West Asia,2013,2.380358535
Bangladesh,South Asia,2013,6.438332145
Brunei,Southeast Asia,2013,1.513545704
Cambodia,Southeast Asia,2013,5.058256843
China,East Asia,2013,55.07652109
Cyprus,West Asia,2013,3.181826646
Georgia,West Asia,2013,2.5626442
"Hong Kong, China",East Asia,2013,18.58944627
India,South Asia,2013,28.66083392
Indonesia,Southeast Asia,2013,14.13601868
"Iran, Islamic Rep.",West Asia,2013,3.775130022
Israel,West Asia,2013,9.763894638
Japan,East Asia,2013,25.19265968
Jordan,West Asia,2013,3.318212576
Kazakhstan,Central Asia,2013,2.160383697
"Korea, Rep.",East Asia,2013,22.25755251
Kuwait,West Asia,2013,2.465796844
Kyrgyz Republic,Central Asia,2013,1.467590004
Lao PDR,Southeast Asia,2013,2.133201638
Lebanon,West Asia,2013,4.691855669
Malaysia,Southeast Asia,2013,14.37390068
Maldives,South Asia,2013,1.414333357
Mongolia,East Asia,2013,1.684819223
Myanmar,Southeast Asia,2013,2.564212896
Nepal,South Asia,2013,3.558047208
Oman,West Asia,2013,2.4827647
Pakistan,South Asia,2013,8.151828116
Philippines,Southeast Asia,2013,8.42061742
Qatar,West Asia,2013,2.927198405
Russian Federation,North Asia,2013,9.459169794
Saudi Arabia,West Asia,2013,5.247896181
Singapore,Southeast Asia,2013,13.82510144
Sri Lanka,South Asia,2013,5.624678467
Thailand,Southeast Asia,2013,18.64564563
Turkey,West Asia,2013,22.83489267
United Arab Emirates,West Asia,2013,15.13608477
Vietnam,Southeast Asia,2013,11.64469212
Yemen,West Asia,2013,1.580296749
Afghanistan,South Asia,2014,1.766855399
Armenia,West Asia,2014,1.895289471
Azerbaijan,West Asia,2014,1.653971834
Bahrain,West Asia,2014,2.488501002
Brunei,Southeast Asia,2014,1.533560887
Cambodia,Southeast Asia,2014,5.22279751
China,East Asia,2014,55.06611965
Cyprus,West Asia,2014,3.252807621
Georgia,West Asia,2014,2.591017599
"Hong Kong, China",East Asia,2014,18.30473945
India,South Asia,2014,28.76485304
Indonesia,Southeast Asia,2014,14.03553667
"Iran, Islamic Rep.",West Asia,2014,3.723711634
Iraq,West Asia,2014,1.562538277
Israel,West Asia,2014,9.563746241
Japan,East Asia,2014,25.1024181
Jordan,West Asia,2014,3.404824308
Kazakhstan,Central Asia,2014,2.138608064
"Korea, Rep.",East Asia,2014,22.13099364
Kuwait,West Asia,2014,2.51374667
Kyrgyz Republic,Central Asia,2014,1.457512551
Lao PDR,Southeast Asia,2014,2.115635234
Lebanon,West Asia,2014,4.884248058
Malaysia,Southeast Asia,2014,14.32530475
Maldives,South Asia,2014,1.50374403
Mongolia,East Asia,2014,1.759290085
Myanmar,Southeast Asia,2014,2.807253356
Nepal,South Asia,2014,3.707120064
Oman,West Asia,2014,2.592015502
Pakistan,South Asia,2014,8.163585455
Philippines,Southeast Asia,2014,8.587738115
Qatar,West Asia,2014,2.921628932
Russian Federation,North Asia,2014,9.588444297
Saudi Arabia,West Asia,2014,5.300933625
Singapore,Southeast Asia,2014,13.42282509
Sri Lanka,South Asia,2014,5.810325522
Thailand,Southeast Asia,2014,18.6667006
Turkey,West Asia,2014,23.43193671
United Arab Emirates,West Asia,2014,15.18785822
Vietnam,Southeast Asia,2014,12.22094534
Yemen,West Asia,2014,1.596012378
Afghanistan,South Asia,2015,1.687427608
Armenia,West Asia,2015,1.8200052
Azerbaijan,West Asia,2015,1.614964141
Bahrain,West Asia,2015,2.417669071
Bangladesh,South Asia,2015,6.083616026
Brunei,Southeast Asia,2015,1.571097172
Cambodia,Southeast Asia,2015,4.892735995
China,East Asia,2015,55.59823275
Cyprus,West Asia,2015,2.97311895
Georgia,West Asia,2015,2.572276824
"Hong Kong, China",East Asia,2015,18.26599592
India,South Asia,2015,29.59266755
Indonesia,Southeast Asia,2015,14.04037537
"Iran, Islamic Rep.",West Asia,2015,3.662434739
Israel,West Asia,2015,9.585080837
Japan,East Asia,2015,25.30384575
Jordan,West Asia,2015,3.268060018
Kazakhstan,Central Asia,2015,2.17815392
"Korea, Rep.",East Asia,2015,22.14756875
Kuwait,West Asia,2015,2.489035605
Kyrgyz Republic,Central Asia,2015,1.416610957
Lao PDR,Southeast Asia,2015,2.052663628
Lebanon,West Asia,2015,4.763034503
Malaysia,Southeast Asia,2015,14.42194001
Maldives,South Asia,2015,1.450307804
Mongolia,East Asia,2015,1.774438577
Myanmar,Southeast Asia,2015,3.184504182
Nepal,South Asia,2015,3.10257173
Oman,West Asia,2015,2.504763734
Pakistan,South Asia,2015,7.99900134
Philippines,Southeast Asia,2015,8.254656517
Qatar,West Asia,2015,2.945092953
Russian Federation,North Asia,2015,10.27062835
Saudi Arabia,West Asia,2015,5.14602925
Singapore,Southeast Asia,2015,13.46847806
Sri Lanka,South Asia,2015,5.709059247
Thailand,Southeast Asia,2015,18.62368779
Turkey,West Asia,2015,24.10604338
United Arab Emirates,West Asia,2015,15.09906893
Vietnam,Southeast Asia,2015,12.47824186
Yemen,West Asia,2015,1.434176356
Afghanistan,South Asia,2016,1.779708024
Armenia,West Asia,2016,1.905475308
Azerbaijan,West Asia,2016,1.661664633
Bahrain,West Asia,2016,2.537268042
Brunei,Southeast Asia,2016,1.47553173
Cambodia,Southeast Asia,2016,5.85585962
China,East Asia,2016,57.53437366
Cyprus,West Asia,2016,3.315467823
Georgia,West Asia,2016,2.724814179
"Hong Kong, China",East Asia,2016,18.15419993
India,South Asia,2016,30.38837145
Indonesia,Southeast Asia,2016,14.25153822
"Iran, Islamic Rep.",West Asia,2016,3.940623335
Israel,West Asia,2016,9.796495212
Japan,East Asia,2016,25.96863323
Jordan,West Asia,2016,3.535129817
Kazakhstan,Central Asia,2016,2.241005816
"Korea, Rep.",East Asia,2016,22.5952005
Kuwait,West Asia,2016,2.632264329
Kyrgyz Republic,Central Asia,2016,1.478678876
Lao PDR,Southeast Asia,2016,2.237675626
Lebanon,West Asia,2016,4.834994949
Malaysia,Southeast Asia,2016,14.71157736
Maldives,South Asia,2016,1.430589235
Mongolia,East Asia,2016,1.810289324
Myanmar,Southeast Asia,2016,3.871741586
Nepal,South Asia,2016,3.540260057
Oman,West Asia,2016,2.622905795
Pakistan,South Asia,2016,8.458009498
Philippines,Southeast Asia,2016,8.73007994
Qatar,West Asia,2016,3.087799517
Russian Federation,North Asia,2016,10.90840176
Saudi Arabia,West Asia,2016,5.257331913
Singapore,Southeast Asia,2016,13.41403109
Sri Lanka,South Asia,2016,6.015705194
Tajikistan,Central Asia,2016,1.397159001
Thailand,Southeast Asia,2016,18.89035738
Turkey,West Asia,2016,25.56843617
United Arab Emirates,West Asia,2016,15.48393457
Vietnam,Southeast Asia,2016,13.22882499
Afghanistan,South Asia,2017,1.879212027
Armenia,West Asia,2017,2.001666093
Azerbaijan,West Asia,2017,1.775606858
Bahrain,West Asia,2017,2.556122346
Brunei,Southeast Asia,2017,1.568906139
Cambodia,Southeast Asia,2017,6.238827799
China,East Asia,2017,58.71210348
Cyprus,West Asia,2017,3.366062577
Georgia,West Asia,2017,2.962955809
"Hong Kong, China",East Asia,2017,18.53540052
India,South Asia,2017,31.01861724
Indonesia,Southeast Asia,2017,14.50594471
"Iran, Islamic Rep.",West Asia,2017,4.221913848
Israel,West Asia,2017,9.727369576
Japan,East Asia,2017,26.10287616
Jordan,West Asia,2017,3.676549586
Kazakhstan,Central Asia,2017,2.415985147
"Korea, Rep.",East Asia,2017,22.76039118
Kuwait,West Asia,2017,2.599098001
Kyrgyz Republic,Central Asia,2017,1.626334137
Lao PDR,Southeast Asia,2017,2.250432136
Lebanon,West Asia,2017,5.048119857
Malaysia,Southeast Asia,2017,14.98311437
Maldives,South Asia,2017,1.413296141
Mongolia,East Asia,2017,1.880522933
Myanmar,Southeast Asia,2017,4.468977566
Nepal,South Asia,2017,3.594133697
Oman,West Asia,2017,2.709051213
Pakistan,South Asia,2017,8.472033389
Philippines,Southeast Asia,2017,8.931832442
Qatar,West Asia,2017,3.164310635
Russian Federation,North Asia,2017,11.56732706
Saudi Arabia,West Asia,2017,5.394402036
Singapore,Southeast Asia,2017,13.91248135
Sri Lanka,South Asia,2017,6.084902885
Tajikistan,Central Asia,2017,1.425709386
Thailand,Southeast Asia,2017,18.87894743
Turkey,West Asia,2017,26.48597563
United Arab Emirates,West Asia,2017,15.75126183
Uzbekistan,Central Asia,2017,2.209355159
Vietnam,Southeast Asia,2017,13.74901899
Afghanistan,South Asia,2018,1.960847516
Armenia,West Asia,2018,2.081988651
Azerbaijan,West Asia,2018,1.772516406
Bahrain,West Asia,2018,2.983769545
Brunei,Southeast Asia,2018,1.580381947
Cambodia,Southeast Asia,2018,6.345492085
China,East Asia,2018,58.52194181
Cyprus,West Asia,2018,3.358657963
Georgia,West Asia,2018,3.029355194
"Hong Kong, China",East Asia,2018,18.68287969
India,South Asia,2018,31.37349555
Indonesia,Southeast Asia,2018,14.35099477
"Iran, Islamic Rep.",West Asia,2018,4.450431613
Israel,West Asia,2018,9.713863923
Japan,East Asia,2018,25.73238321
Jordan,West Asia,2018,3.719527367
Kazakhstan,Central Asia,2018,2.484188826
"Korea, Rep.",East Asia,2018,22.07682762
Kuwait,West Asia,2018,2.739948394
Kyrgyz Republic,Central Asia,2018,1.673197839
Lao PDR,Southeast Asia,2018,2.349556722
Lebanon,West Asia,2018,4.908880478
Malaysia,Southeast Asia,2018,14.7751666
Maldives,South Asia,2018,1.531767527
Mongolia,East Asia,2018,1.918101746
Myanmar,Southeast Asia,2018,4.765322892
Nepal,South Asia,2018,3.535411321
Oman,West Asia,2018,2.726555526
Pakistan,South Asia,2018,8.524938714
Philippines,Southeast Asia,2018,8.873913964
Qatar,West Asia,2018,2.982960409
Russian Federation,North Asia,2018,12.04134143
Saudi Arabia,West Asia,2018,5.554390987
Singapore,Southeast Asia,2018,13.43484574
Tajikistan,Central Asia,2018,1.424872879
Thailand,Southeast Asia,2018,18.61946163
Turkey,West Asia,2018,27.04462875
United Arab Emirates,West Asia,2018,15.54197124
Uzbekistan,Central Asia,2018,2.375212348
Vietnam,Southeast Asia,2018,14.05071427
Yemen,West Asia,2018,1.521568327
Afghanistan,South Asia,2019,2.053764304
Armenia,West Asia,2019,2.220040154
Azerbaijan,West Asia,2019,1.841719168
Bahrain,West Asia,2019,3.094925817
Brunei,Southeast Asia,2019,1.607752923
Cambodia,Southeast Asia,2019,6.439427483
China,East Asia,2019,58.60321691
Cyprus,West Asia,2019,3.430160451
Georgia,West Asia,2019,3.215174609
"Hong Kong, China",East Asia,2019,18.76834921
India,South Asia,2019,32.10461585
Indonesia,Southeast Asia,2019,14.61940653
"Iran, Islamic Rep.",West Asia,2019,4.409092564
Israel,West Asia,2019,9.835236022
Japan,East Asia,2019,25.71100247
Jordan,West Asia,2019,3.725344025
Kazakhstan,Central Asia,2019,2.58785138
"Korea, Rep.",East Asia,2019,21.94518084
Kuwait,West Asia,2019,2.778799893
Kyrgyz Republic,Central Asia,2019,1.693807188
Lao PDR,Southeast Asia,2019,2.477220122
Lebanon,West Asia,2019,4.790297012
Malaysia,Southeast Asia,2019,14.98506375
Maldives,South Asia,2019,1.444714135
Mongolia,East Asia,2019,1.91148394
Myanmar,Southeast Asia,2019,5.129636912
Nepal,South Asia,2019,3.415109667
Oman,West Asia,2019,2.836360605
Pakistan,South Asia,2019,8.814946552
Philippines,Southeast Asia,2019,8.873371148
Qatar,West Asia,2019,3.012732897
Russian Federation,North Asia,2019,12.57504572
Saudi Arabia,West Asia,2019,5.465417708
Singapore,Southeast Asia,2019,13.90181249
Sri Lanka,South Asia,2019,6.355996672
Tajikistan,Central Asia,2019,1.458496741
Thailand,Southeast Asia,2019,18.82616685
Turkey,West Asia,2019,27.82832701
United Arab Emirates,West Asia,2019,15.74984893
Uzbekistan,Central Asia,2019,2.443793287
Vietnam,Southeast Asia,2019,14.61438916
Yemen,West Asia,2019,1.48358007
Armenia,West Asia,2020,2.228479265
Azerbaijan,West Asia,2020,1.843266802
Bahrain,West Asia,2020,2.89706721
Brunei,Southeast Asia,2020,1.603534356
Cambodia,Southeast Asia,2020,6.25292875
China,East Asia,2020,57.25932223
Cyprus,West Asia,2020,3.510007926
Georgia,West Asia,2020,3.178433308
"Hong Kong, China",East Asia,2020,17.8578418
India,South Asia,2020,30.78690773
Indonesia,Southeast Asia,2020,14.23541674
"Iran, Islamic Rep.",West Asia,2020,3.911179556
Israel,West Asia,2020,9.551834079
Japan,East Asia,2020,25.12041571
Jordan,West Asia,2020,3.670799447
Kazakhstan,Central Asia,2020,2.562430082
"Korea, Rep.",East Asia,2020,21.40894638
Kuwait,West Asia,2020,2.795126623
Kyrgyz Republic,Central Asia,2020,1.664337344
Lao PDR,Southeast Asia,2020,2.489571585
Lebanon,West Asia,2020,4.642257908
Malaysia,Southeast Asia,2020,14.61138459
Maldives,South Asia,2020,1.429080135
Mongolia,East Asia,2020,2.0113504
Myanmar,Southeast Asia,2020,5.288742374
Nepal,South Asia,2020,3.21210126
Oman,West Asia,2020,2.814162205
Pakistan,South Asia,2020,8.505863957
Philippines,Southeast Asia,2020,8.850845164
Qatar,West Asia,2020,2.961464471
Russian Federation,North Asia,2020,12.7749289
Saudi Arabia,West Asia,2020,5.464695013
Singapore,Southeast Asia,2020,13.35373228
Sri Lanka,South Asia,2020,6.288656267
Tajikistan,Central Asia,2020,1.463680087
Thailand,Southeast Asia,2020,18.09942383
Turkey,West Asia,2020,27.36464097
United Arab Emirates,West Asia,2020,14.9024919
Uzbekistan,Central Asia,2020,2.546242371
Vietnam,Southeast Asia,2020,14.66235329
Armenia,West Asia,2021,2.470180059
Azerbaijan,West Asia,2021,1.92933278
Bahrain,West Asia,2021,3.380970226
Brunei,Southeast Asia,2021,1.683954466
Cambodia,Southeast Asia,2021,6.686469814
China,East Asia,2021,58.47321211
Cyprus,West Asia,2021,3.65765241
Georgia,West Asia,2021,3.459025184
"Hong Kong, China",East Asia,2021,18.48993825
India,South Asia,2021,33.00135046
Indonesia,Southeast Asia,2021,14.75499884
"Iran, Islamic Rep.",West Asia,2021,4.396660016
Israel,West Asia,2021,10.13270855
Japan,East Asia,2021,26.01914776
Jordan,West Asia,2021,4.017388407
Kazakhstan,Central Asia,2021,2.785194796
"Korea, Rep.",East Asia,2021,21.88235892
Kuwait,West Asia,2021,3.094534744
Kyrgyz Republic,Central Asia,2021,1.793541582
Lao PDR,Southeast Asia,2021,2.678290173
Lebanon,West Asia,2021,5.110168457
Malaysia,Southeast Asia,2021,15.1674357
Maldives,South Asia,2021,1.495385698
Mongolia,East Asia,2021,2.140228051
Myanmar,Southeast Asia,2021,5.548473184
Nepal,South Asia,2021,3.542394262
Oman,West Asia,2021,2.973804009
Pakistan,South Asia,2021,9.422300031
Philippines,Southeast Asia,2021,9.490295327
Qatar,West Asia,2021,3.344313599
Russian Federation,North Asia,2021,14.04802815
Saudi Arabia,West Asia,2021,5.991847867
Singapore,Southeast Asia,2021,13.74699572
Sri Lanka,South Asia,2021,6.842989792
Tajikistan,Central Asia,2021,1.480383463
Thailand,Southeast Asia,2021,18.72948634
Turkey,West Asia,2021,29.0077246
United Arab Emirates,West Asia,2021,16.56278476
Uzbekistan,Central Asia,2021,2.745727056
Vietnam,Southeast Asia,2021,15.73100251
Armenia,West Asia,2022,2.490751327
Azerbaijan,West Asia,2022,1.9290267
Bahrain,West Asia,2022,2.775790499
Brunei,Southeast Asia,2022,1.662736162
Cambodia,Southeast Asia,2022,6.756609958
China,East Asia,2022,55.62268711
Cyprus,West Asia,2022,3.324288913
Georgia,West Asia,2022,3.575042989
"Hong Kong, China",East Asia,2022,17.26900652
India,South Asia,2022,32.26235465
Indonesia,Southeast Asia,2022,14.38570057
"Iran, Islamic Rep.",West Asia,2022,4.353020458
Israel,West Asia,2022,9.987578392
Japan,East Asia,2022,25.13253567
Jordan,West Asia,2022,4.036393477
Kazakhstan,Central Asia,2022,2.782785965
"Korea, Rep.",East Asia,2022,21.04761006
Kuwait,West Asia,2022,2.914372508
Kyrgyz Republic,Central Asia,2022,1.644287939
Lebanon,West Asia,2022,5.044021856
Malaysia,Southeast Asia,2022,14.55262047
Maldives,South Asia,2022,1.541184762
Mongolia,East Asia,2022,2.149573321
Myanmar,Southeast Asia,2022,5.631196137
Nepal,South Asia,2022,3.503807594
Oman,West Asia,2022,2.784653213
Pakistan,South Asia,2022,9.310964874
Philippines,Southeast Asia,2022,9.197009756
Qatar,West Asia,2022,3.289570861
Singapore,Southeast Asia,2022,12.86145395
Sri Lanka,South Asia,2022,6.938149362
Tajikistan,Central Asia,2022,1.398778586
Thailand,Southeast Asia,2022,18.06324439
Turkey,West Asia,2022,28.65381657
United Arab Emirates,West Asia,2022,15.91399555
Uzbekistan,Central Asia,2022,2.745840768
Vietnam,Southeast Asia,2022,15.47100374
